Date,Open,High,Low,Close,Volume
20210923  09:30:00,78.97,78.97,78.89,78.89,62
20210923  09:30:05,79.1,79.15,79.09,79.14,19
20210923  09:30:10,79.16,79.16,79.16,79.16,1
20210923  09:30:15,79.1,79.1,79.08,79.08,6
20210923  09:30:20,79.08,79.08,79.08,79.08,0
20210923  09:30:25,79.08,79.08,79.08,79.08,0
20210923  09:30:30,79.18,79.18,79.12,79.12,22
20210923  09:30:35,79.17,79.18,79.15,79.15,6
20210923  09:30:40,79.15,79.15,79.15,79.15,1
20210923  09:30:45,79.15,79.15,79.15,79.15,0
20210923  09:30:50,79.18,79.26,79.13,79.25,1194
20210923  09:30:55,79.24,79.38,79.22,79.28,125
20210923  09:31:00,79.24,79.27,79.14,79.2,194
20210923  09:31:05,79.2,79.4,79.17,79.4,49
20210923  09:31:10,79.4,79.75,79.38,79.75,677
20210923  09:31:15,79.72,79.88,79.68,79.86,271
20210923  09:31:20,79.83,79.88,79.7,79.81,80
20210923  09:31:25,79.8,79.95,79.79,79.88,191
20210923  09:31:30,79.89,79.9,79.64,79.67,200
20210923  09:31:35,79.67,79.81,79.66,79.78,160
20210923  09:31:40,79.72,79.72,79.51,79.61,115
20210923  09:31:45,79.61,79.73,79.61,79.73,30
20210923  09:31:50,79.73,79.81,79.53,79.56,115
20210923  09:31:55,79.53,79.64,79.52,79.53,76
20210923  09:32:00,79.52,79.54,79.34,79.4,219
20210923  09:32:05,79.35,79.62,79.35,79.62,93
20210923  09:32:10,79.62,79.7,79.55,79.63,113
20210923  09:32:15,79.65,79.65,79.5,79.51,89
20210923  09:32:20,79.55,79.55,79.35,79.35,67
20210923  09:32:25,79.39,79.45,79.31,79.31,32
20210923  09:32:30,79.34,79.36,79.23,79.25,45
20210923  09:32:35,79.28,79.3,79.23,79.27,44
20210923  09:32:40,79.18,79.23,79.11,79.11,78
20210923  09:32:45,79.12,79.26,79.12,79.22,133
20210923  09:32:50,79.23,79.31,79.23,79.31,73
20210923  09:32:55,79.32,79.32,79.1,79.1,77
20210923  09:33:00,79.08,79.1,78.9,78.91,127
20210923  09:33:05,78.87,78.87,78.73,78.8,91
20210923  09:33:10,78.8,78.8,78.57,78.63,228
20210923  09:33:15,78.65,78.65,78.54,78.54,54
20210923  09:33:20,78.58,78.71,78.4,78.62,363
20210923  09:33:25,78.66,78.85,78.66,78.85,133
20210923  09:33:30,78.8,78.8,78.56,78.62,79
20210923  09:33:35,78.61,78.61,78.42,78.42,65
20210923  09:33:40,78.47,78.71,78.46,78.63,109
20210923  09:33:45,78.66,78.73,78.58,78.73,146
20210923  09:33:50,78.66,78.73,78.6,78.68,103
20210923  09:33:55,78.68,78.72,78.66,78.66,16
20210923  09:34:00,78.63,78.79,78.59,78.62,171
20210923  09:34:05,78.64,78.73,78.63,78.67,46
20210923  09:34:10,78.66,78.66,78.51,78.62,64
20210923  09:34:15,78.62,78.75,78.58,78.59,59
20210923  09:34:20,78.62,78.64,78.52,78.52,66
20210923  09:34:25,78.56,78.57,78.35,78.39,171
20210923  09:34:30,78.39,78.43,78.3,78.3,92
20210923  09:34:35,78.29,78.31,78.25,78.27,119
20210923  09:34:40,78.31,78.35,78.23,78.27,76
20210923  09:34:45,78.25,78.42,78.24,78.38,213
20210923  09:34:50,78.38,78.38,78.3,78.3,66
20210923  09:34:55,78.33,78.33,78.21,78.23,75
20210923  09:35:00,78.21,78.23,78.03,78.06,143
20210923  09:35:05,78.03,78.17,78.03,78.13,191
20210923  09:35:10,78.16,78.17,78.1,78.11,59
20210923  09:35:15,78.12,78.16,78.1,78.15,47
20210923  09:35:20,78.15,78.18,78.12,78.16,66
20210923  09:35:25,78.15,78.18,78.01,78.08,186
20210923  09:35:30,78.05,78.15,78.05,78.12,101
20210923  09:35:35,78.11,78.13,78.07,78.07,73
20210923  09:35:40,78.07,78.08,78.02,78.03,204
20210923  09:35:45,78.07,78.07,77.82,77.82,251
20210923  09:35:50,77.87,77.92,77.78,77.88,204
20210923  09:35:55,77.89,77.89,77.8,77.84,108
20210923  09:36:00,77.81,77.82,77.73,77.81,123
20210923  09:36:05,77.81,78.04,77.81,78.01,184
20210923  09:36:10,78.07,78.07,77.98,77.99,171
20210923  09:36:15,77.99,78.05,77.98,78.0,205
20210923  09:36:20,77.95,78.16,77.94,78.06,318
20210923  09:36:25,78.07,78.1,78.03,78.06,102
20210923  09:36:30,78.09,78.1,77.97,78.1,108
20210923  09:36:35,78.01,78.07,78.01,78.05,57
20210923  09:36:40,78.01,78.07,78.01,78.04,46
20210923  09:36:45,78.01,78.06,77.99,78.05,69
20210923  09:36:50,78.05,78.05,77.9,77.96,39
20210923  09:36:55,77.91,77.95,77.89,77.89,34
20210923  09:37:00,77.93,77.93,77.83,77.85,162
20210923  09:37:05,77.89,77.9,77.83,77.89,70
20210923  09:37:10,77.88,77.88,77.87,77.88,30
20210923  09:37:15,77.87,77.87,77.81,77.82,41
20210923  09:37:20,77.83,77.86,77.7,77.76,146
20210923  09:37:25,77.73,77.79,77.73,77.75,41
20210923  09:37:30,77.75,77.75,77.56,77.59,165
20210923  09:37:35,77.6,77.63,77.51,77.54,154
20210923  09:37:40,77.51,77.62,77.46,77.62,316
20210923  09:37:45,77.63,77.68,77.59,77.62,54
20210923  09:37:50,77.63,77.64,77.55,77.57,39
20210923  09:37:55,77.55,77.59,77.53,77.57,67
20210923  09:38:00,77.59,77.6,77.55,77.55,74
20210923  09:38:05,77.6,77.63,77.52,77.63,79
20210923  09:38:10,77.64,77.72,77.62,77.69,78
20210923  09:38:15,77.67,77.81,77.67,77.78,84
20210923  09:38:20,77.78,77.78,77.68,77.69,83
20210923  09:38:25,77.69,77.77,77.67,77.77,82
20210923  09:38:30,77.77,77.89,77.75,77.86,50
20210923  09:38:35,77.85,77.85,77.75,77.75,34
20210923  09:38:40,77.8,77.8,77.75,77.78,96
20210923  09:38:45,77.77,77.9,77.74,77.89,69
20210923  09:38:50,77.87,77.93,77.86,77.92,50
20210923  09:38:55,77.96,78.01,77.95,78.0,68
20210923  09:39:00,78.0,78.09,77.95,78.05,54
20210923  09:39:05,78.13,78.3,78.05,78.15,174
20210923  09:39:10,78.15,78.26,78.15,78.22,68
20210923  09:39:15,78.19,78.19,78.12,78.16,78
20210923  09:39:20,78.18,78.25,78.15,78.21,117
20210923  09:39:25,78.23,78.34,78.2,78.34,119
20210923  09:39:30,78.34,78.41,78.3,78.39,62
20210923  09:39:35,78.42,78.44,78.3,78.36,121
20210923  09:39:40,78.36,78.44,78.33,78.38,90
20210923  09:39:45,78.34,78.44,78.32,78.39,109
20210923  09:39:50,78.36,78.38,78.3,78.32,77
20210923  09:39:55,78.36,78.5,78.36,78.5,85
20210923  09:40:00,78.49,78.5,78.38,78.43,124
20210923  09:40:05,78.43,78.46,78.33,78.33,224
20210923  09:40:10,78.38,78.39,78.3,78.33,103
20210923  09:40:15,78.34,78.35,78.18,78.19,113
20210923  09:40:20,78.17,78.35,78.17,78.34,126
20210923  09:40:25,78.34,78.4,78.33,78.34,82
20210923  09:40:30,78.32,78.37,78.27,78.28,62
20210923  09:40:35,78.28,78.29,78.23,78.28,54
20210923  09:40:40,78.24,78.24,78.0,78.04,109
20210923  09:40:45,78.03,78.03,77.97,78.0,80
20210923  09:40:50,77.98,78.02,77.98,78.02,44
20210923  09:40:55,78.01,78.06,77.99,78.01,68
20210923  09:41:00,78.0,78.03,77.99,78.03,28
20210923  09:41:05,78.05,78.15,78.03,78.13,54
20210923  09:41:10,78.16,78.34,78.16,78.31,73
20210923  09:41:15,78.33,78.37,78.31,78.35,24
20210923  09:41:20,78.34,78.55,78.32,78.51,135
20210923  09:41:25,78.5,78.55,78.44,78.44,231
20210923  09:41:30,78.44,78.46,78.29,78.29,100
20210923  09:41:35,78.25,78.34,78.2,78.34,60
20210923  09:41:40,78.37,78.37,78.24,78.24,71
20210923  09:41:45,78.28,78.28,78.17,78.17,31
20210923  09:41:50,78.2,78.2,78.12,78.13,98
20210923  09:41:55,78.17,78.17,78.13,78.15,5
20210923  09:42:00,78.19,78.19,78.08,78.09,27
20210923  09:42:05,78.06,78.1,78.04,78.05,50
20210923  09:42:10,78.05,78.09,78.04,78.09,31
20210923  09:42:15,78.07,78.07,78.01,78.03,34
20210923  09:42:20,78.03,78.05,77.97,78.0,142
20210923  09:42:25,78.0,78.17,77.97,78.13,205
20210923  09:42:30,78.13,78.34,78.13,78.34,27
20210923  09:42:35,78.4,78.49,78.18,78.24,190
20210923  09:42:40,78.25,78.26,78.12,78.16,64
20210923  09:42:45,78.14,78.14,78.13,78.13,9
20210923  09:42:50,78.15,78.22,78.15,78.22,50
20210923  09:42:55,78.22,78.33,78.22,78.33,24
20210923  09:43:00,78.34,78.36,78.31,78.31,46
20210923  09:43:05,78.31,78.36,78.22,78.23,104
20210923  09:43:10,78.23,78.23,78.23,78.23,0
20210923  09:43:15,78.17,78.26,78.17,78.23,32
20210923  09:43:20,78.26,78.29,78.23,78.23,20
20210923  09:43:25,78.26,78.26,78.23,78.24,9
20210923  09:43:30,78.2,78.22,78.15,78.2,146
20210923  09:43:35,78.2,78.24,78.18,78.22,100
20210923  09:43:40,78.19,78.26,78.16,78.26,69
20210923  09:43:45,78.25,78.25,78.19,78.19,3
20210923  09:43:50,78.21,78.22,78.21,78.21,15
20210923  09:43:55,78.22,78.24,78.17,78.19,35
20210923  09:44:00,78.22,78.33,78.19,78.26,55
20210923  09:44:05,78.27,78.33,78.26,78.32,11
20210923  09:44:10,78.34,78.35,78.32,78.34,17
20210923  09:44:15,78.35,78.4,78.31,78.4,46
20210923  09:44:20,78.34,78.4,78.34,78.37,81
20210923  09:44:25,78.35,78.39,78.31,78.33,43
20210923  09:44:30,78.32,78.4,78.3,78.4,73
20210923  09:44:35,78.34,78.39,78.33,78.34,31
20210923  09:44:40,78.35,78.36,78.35,78.36,3
20210923  09:44:45,78.37,78.38,78.37,78.38,4
20210923  09:44:50,78.38,78.44,78.37,78.41,66
20210923  09:44:55,78.42,78.49,78.41,78.48,44
20210923  09:45:00,78.49,78.61,78.48,78.5,167
20210923  09:45:05,78.56,78.61,78.54,78.58,119
20210923  09:45:10,78.56,78.6,78.41,78.42,88
20210923  09:45:15,78.41,78.49,78.41,78.41,86
20210923  09:45:20,78.41,78.47,78.35,78.47,42
20210923  09:45:25,78.43,78.52,78.41,78.5,50
20210923  09:45:30,78.47,78.58,78.47,78.58,15
20210923  09:45:35,78.61,78.61,78.55,78.56,37
20210923  09:45:40,78.61,78.72,78.59,78.67,142
20210923  09:45:45,78.66,78.71,78.57,78.58,90
20210923  09:45:50,78.56,78.59,78.56,78.59,11
20210923  09:45:55,78.54,78.56,78.51,78.56,51
20210923  09:46:00,78.54,78.6,78.52,78.58,83
20210923  09:46:05,78.58,78.64,78.55,78.59,34
20210923  09:46:10,78.57,78.68,78.57,78.68,38
20210923  09:46:15,78.66,78.78,78.65,78.78,68
20210923  09:46:20,78.8,78.89,78.79,78.89,137
20210923  09:46:25,78.87,78.89,78.81,78.86,22
20210923  09:46:30,78.78,78.87,78.77,78.83,56
20210923  09:46:35,78.82,78.87,78.77,78.79,105
20210923  09:46:40,78.79,78.79,78.62,78.62,52
20210923  09:46:45,78.6,78.64,78.55,78.59,54
20210923  09:46:50,78.58,78.66,78.58,78.64,92
20210923  09:46:55,78.63,78.65,78.6,78.62,94
20210923  09:47:00,78.59,78.65,78.59,78.65,106
20210923  09:47:05,78.67,78.7,78.66,78.69,31
20210923  09:47:10,78.65,78.66,78.65,78.65,1
20210923  09:47:15,78.7,78.77,78.69,78.76,50
20210923  09:47:20,78.75,78.86,78.74,78.86,66
20210923  09:47:25,78.85,78.86,78.83,78.86,121
20210923  09:47:30,78.88,78.91,78.75,78.76,120
20210923  09:47:35,78.77,78.78,78.7,78.7,20
20210923  09:47:40,78.73,78.74,78.7,78.73,60
20210923  09:47:45,78.75,78.82,78.75,78.81,27
20210923  09:47:50,78.82,78.84,78.72,78.75,34
20210923  09:47:55,78.75,78.75,78.72,78.74,14
20210923  09:48:00,78.75,78.84,78.73,78.81,78
20210923  09:48:05,78.74,78.93,78.74,78.93,61
20210923  09:48:10,78.91,79.0,78.9,78.99,106
20210923  09:48:15,78.97,78.99,78.96,78.98,16
20210923  09:48:20,78.98,79.05,78.95,78.95,209
20210923  09:48:25,78.95,78.96,78.87,78.96,62
20210923  09:48:30,78.96,79.09,78.96,79.07,95
20210923  09:48:35,79.07,79.09,79.01,79.04,163
20210923  09:48:40,79.0,79.07,79.0,79.05,52
20210923  09:48:45,79.05,79.05,78.99,79.0,55
20210923  09:48:50,79.0,79.03,78.96,79.02,74
20210923  09:48:55,79.01,79.01,79.0,79.01,1
20210923  09:49:00,78.95,78.99,78.95,78.98,48
20210923  09:49:05,78.98,79.12,78.97,79.12,150
20210923  09:49:10,79.09,79.19,79.09,79.18,57
20210923  09:49:15,79.16,79.19,79.03,79.09,113
20210923  09:49:20,79.09,79.1,79.04,79.04,17
20210923  09:49:25,79.09,79.14,79.08,79.14,85
20210923  09:49:30,79.12,79.14,79.02,79.07,79
20210923  09:49:35,79.02,79.08,78.98,79.01,60
20210923  09:49:40,79.02,79.12,78.99,79.11,169
20210923  09:49:45,79.1,79.14,79.08,79.13,44
20210923  09:49:50,79.12,79.13,79.07,79.09,96
20210923  09:49:55,79.1,79.23,79.07,79.23,92
20210923  09:50:00,79.25,79.25,79.1,79.15,86
20210923  09:50:05,79.13,79.21,79.1,79.19,167
20210923  09:50:10,79.22,79.23,79.1,79.18,86
20210923  09:50:15,79.07,79.11,79.05,79.09,75
20210923  09:50:20,79.11,79.15,79.02,79.06,81
20210923  09:50:25,79.03,79.11,79.0,79.07,101
20210923  09:50:30,79.04,79.08,79.04,79.06,28
20210923  09:50:35,79.05,79.18,79.05,79.14,128
20210923  09:50:40,79.12,79.19,79.11,79.19,42
20210923  09:50:45,79.17,79.18,79.09,79.1,26
20210923  09:50:50,79.03,79.06,78.93,78.93,53
20210923  09:50:55,78.93,79.0,78.85,78.87,111
20210923  09:51:00,78.88,78.9,78.84,78.86,28
20210923  09:51:05,78.87,78.96,78.87,78.96,142
20210923  09:51:10,78.95,79.03,78.95,79.03,62
20210923  09:51:15,79.03,79.13,79.03,79.08,76
20210923  09:51:20,79.06,79.06,78.98,78.99,57
20210923  09:51:25,79.02,79.08,79.02,79.05,32
20210923  09:51:30,79.05,79.05,79.04,79.05,2
20210923  09:51:35,79.05,79.08,79.02,79.03,37
20210923  09:51:40,79.04,79.06,78.96,78.97,22
20210923  09:51:45,78.98,79.06,78.93,79.03,97
20210923  09:51:50,78.99,79.02,78.98,79.01,23
20210923  09:51:55,79.0,79.11,79.0,79.11,43
20210923  09:52:00,79.11,79.16,79.07,79.16,23
20210923  09:52:05,79.14,79.17,79.1,79.12,32
20210923  09:52:10,79.15,79.17,79.1,79.11,50
20210923  09:52:15,79.11,79.11,79.03,79.08,47
20210923  09:52:20,79.04,79.04,79.0,79.03,44
20210923  09:52:25,79.06,79.08,79.04,79.08,41
20210923  09:52:30,79.08,79.13,79.08,79.11,8
20210923  09:52:35,79.08,79.08,79.08,79.08,2
20210923  09:52:40,79.12,79.13,79.08,79.11,21
20210923  09:52:45,79.13,79.2,79.11,79.15,69
20210923  09:52:50,79.13,79.15,79.04,79.06,133
20210923  09:52:55,79.0,79.04,79.0,79.04,9
20210923  09:53:00,79.05,79.05,79.0,79.02,65
20210923  09:53:05,79.01,79.17,79.01,79.15,60
20210923  09:53:10,79.14,79.25,79.13,79.25,78
20210923  09:53:15,79.27,79.36,79.24,79.29,165
20210923  09:53:20,79.29,79.32,79.26,79.3,36
20210923  09:53:25,79.3,79.31,79.26,79.27,15
20210923  09:53:30,79.25,79.27,79.23,79.27,13
20210923  09:53:35,79.22,79.32,79.22,79.31,22
20210923  09:53:40,79.31,79.34,79.28,79.33,55
20210923  09:53:45,79.29,79.29,79.26,79.27,5
20210923  09:53:50,79.27,79.31,79.23,79.23,23
20210923  09:53:55,79.25,79.3,79.23,79.28,51
20210923  09:54:00,79.25,79.27,79.24,79.27,10
20210923  09:54:05,79.23,79.29,79.23,79.27,33
20210923  09:54:10,79.22,79.22,79.16,79.22,9
20210923  09:54:15,79.23,79.25,79.19,79.25,39
20210923  09:54:20,79.25,79.28,79.23,79.26,12
20210923  09:54:25,79.28,79.28,79.13,79.17,68
20210923  09:54:30,79.24,79.27,79.23,79.23,51
20210923  09:54:35,79.25,79.25,79.13,79.19,81
20210923  09:54:40,79.18,79.2,79.18,79.2,14
20210923  09:54:45,79.17,79.22,79.17,79.2,26
20210923  09:54:50,79.17,79.2,79.17,79.17,18
20210923  09:54:55,79.17,79.19,79.17,79.19,3
20210923  09:55:00,79.2,79.24,79.2,79.24,22
20210923  09:55:05,79.24,79.25,79.23,79.23,29
20210923  09:55:10,79.27,79.27,79.24,79.25,4
20210923  09:55:15,79.24,79.32,79.24,79.32,94
20210923  09:55:20,79.32,79.45,79.29,79.45,148
20210923  09:55:25,79.46,79.48,79.35,79.35,49
20210923  09:55:30,79.32,79.32,79.23,79.23,3
20210923  09:55:35,79.23,79.23,79.17,79.19,13
20210923  09:55:40,79.19,79.24,79.18,79.24,73
20210923  09:55:45,79.26,79.27,79.26,79.26,1
20210923  09:55:50,79.32,79.33,79.27,79.28,22
20210923  09:55:55,79.3,79.34,79.28,79.34,12
20210923  09:56:00,79.33,79.41,79.33,79.4,62
20210923  09:56:05,79.38,79.4,79.35,79.4,76
20210923  09:56:10,79.4,79.44,79.38,79.44,17
20210923  09:56:15,79.44,79.5,79.43,79.5,12
20210923  09:56:20,79.47,79.54,79.46,79.5,102
20210923  09:56:25,79.52,79.54,79.47,79.47,76
20210923  09:56:30,79.45,79.47,79.42,79.47,56
20210923  09:56:35,79.46,79.52,79.44,79.52,51
20210923  09:56:40,79.49,79.5,79.43,79.43,15
20210923  09:56:45,79.45,79.55,79.45,79.55,68
20210923  09:56:50,79.53,79.54,79.45,79.53,72
20210923  09:56:55,79.5,79.52,79.49,79.5,55
20210923  09:57:00,79.51,79.51,79.44,79.45,29
20210923  09:57:05,79.47,79.47,79.36,79.44,27
20210923  09:57:10,79.44,79.44,79.44,79.44,0
20210923  09:57:15,79.44,79.51,79.44,79.51,105
20210923  09:57:20,79.51,79.51,79.42,79.42,22
20210923  09:57:25,79.42,79.44,79.36,79.36,78
20210923  09:57:30,79.39,79.44,79.3,79.34,93
20210923  09:57:35,79.38,79.38,79.28,79.28,27
20210923  09:57:40,79.3,79.35,79.3,79.33,86
20210923  09:57:45,79.3,79.31,79.28,79.3,13
20210923  09:57:50,79.33,79.38,79.32,79.34,87
20210923  09:57:55,79.35,79.36,79.35,79.35,1
20210923  09:58:00,79.38,79.4,79.35,79.4,10
20210923  09:58:05,79.37,79.39,79.37,79.39,5
20210923  09:58:10,79.36,79.39,79.33,79.33,17
20210923  09:58:15,79.32,79.35,79.27,79.35,27
20210923  09:58:20,79.36,79.38,79.34,79.38,11
20210923  09:58:25,79.37,79.38,79.35,79.35,5
20210923  09:58:30,79.35,79.41,79.35,79.37,21
20210923  09:58:35,79.4,79.42,79.38,79.41,25
20210923  09:58:40,79.43,79.51,79.43,79.45,27
20210923  09:58:45,79.43,79.44,79.42,79.44,19
20210923  09:58:50,79.42,79.45,79.42,79.45,2
20210923  09:58:55,79.43,79.49,79.43,79.48,13
20210923  09:59:00,79.48,79.55,79.48,79.52,24
20210923  09:59:05,79.51,79.53,79.5,79.53,33
20210923  09:59:10,79.53,79.65,79.52,79.64,320
20210923  09:59:15,79.63,79.64,79.54,79.54,20
20210923  09:59:20,79.54,79.56,79.51,79.56,26
20210923  09:59:25,79.54,79.61,79.5,79.57,52
20210923  09:59:30,79.6,79.6,79.6,79.6,5
20210923  09:59:35,79.57,79.63,79.57,79.6,31
20210923  09:59:40,79.6,79.65,79.6,79.65,82
20210923  09:59:45,79.68,79.73,79.68,79.71,25
20210923  09:59:50,79.66,79.73,79.66,79.73,67
20210923  09:59:55,79.73,79.75,79.66,79.69,200
20210923  10:00:00,79.76,79.78,79.73,79.76,67
20210923  10:00:05,79.78,79.8,79.75,79.75,164
20210923  10:00:10,79.74,79.76,79.72,79.73,7
20210923  10:00:15,79.73,79.86,79.73,79.84,91
20210923  10:00:20,79.81,79.83,79.78,79.79,84
20210923  10:00:25,79.78,79.8,79.76,79.78,95
20210923  10:00:30,79.79,79.79,79.75,79.77,63
20210923  10:00:35,79.71,79.72,79.63,79.71,142
20210923  10:00:40,79.71,79.72,79.68,79.72,33
20210923  10:00:45,79.74,79.76,79.63,79.66,81
20210923  10:00:50,79.66,79.69,79.63,79.68,106
20210923  10:00:55,79.62,79.62,79.57,79.61,15
20210923  10:01:00,79.62,79.65,79.55,79.55,39
20210923  10:01:05,79.58,79.59,79.55,79.57,55
20210923  10:01:10,79.58,79.59,79.45,79.5,20
20210923  10:01:15,79.45,79.55,79.41,79.55,160
20210923  10:01:20,79.53,79.56,79.52,79.53,23
20210923  10:01:25,79.56,79.56,79.5,79.53,27
20210923  10:01:30,79.54,79.61,79.52,79.59,166
20210923  10:01:35,79.59,79.68,79.58,79.68,41
20210923  10:01:40,79.68,79.68,79.62,79.64,67
20210923  10:01:45,79.62,79.68,79.6,79.68,48
20210923  10:01:50,79.65,79.68,79.63,79.65,74
20210923  10:01:55,79.61,79.61,79.58,79.58,37
20210923  10:02:00,79.59,79.62,79.59,79.62,21
20210923  10:02:05,79.62,79.63,79.52,79.57,123
20210923  10:02:10,79.54,79.56,79.52,79.56,44
20210923  10:02:15,79.52,79.56,79.51,79.51,8
20210923  10:02:20,79.53,79.54,79.51,79.53,11
20210923  10:02:25,79.54,79.55,79.51,79.52,23
20210923  10:02:30,79.52,79.65,79.52,79.65,60
20210923  10:02:35,79.62,79.64,79.62,79.64,11
20210923  10:02:40,79.65,79.69,79.64,79.67,38
20210923  10:02:45,79.66,79.67,79.64,79.65,23
20210923  10:02:50,79.65,79.75,79.64,79.75,123
20210923  10:02:55,79.72,79.74,79.72,79.72,10
20210923  10:03:00,79.75,79.77,79.74,79.75,59
20210923  10:03:05,79.74,79.74,79.6,79.6,72
20210923  10:03:10,79.62,79.64,79.6,79.6,59
20210923  10:03:15,79.59,79.61,79.58,79.58,14
20210923  10:03:20,79.61,79.71,79.61,79.71,25
20210923  10:03:25,79.73,79.73,79.71,79.72,4
20210923  10:03:30,79.71,79.81,79.7,79.81,78
20210923  10:03:35,79.8,79.82,79.79,79.8,35
20210923  10:03:40,79.77,79.77,79.71,79.76,48
20210923  10:03:45,79.76,79.78,79.73,79.74,37
20210923  10:03:50,79.75,79.76,79.74,79.76,124
20210923  10:03:55,79.81,79.82,79.79,79.79,11
20210923  10:04:00,79.8,79.81,79.72,79.72,35
20210923  10:04:05,79.72,79.72,79.7,79.72,17
20210923  10:04:10,79.74,79.79,79.73,79.79,51
20210923  10:04:15,79.76,79.89,79.76,79.85,221
20210923  10:04:20,79.85,79.88,79.82,79.85,74
20210923  10:04:25,79.85,79.87,79.79,79.79,12
20210923  10:04:30,79.81,79.81,79.81,79.81,1
20210923  10:04:35,79.83,79.88,79.82,79.86,34
20210923  10:04:40,79.85,79.86,79.85,79.86,5
20210923  10:04:45,79.88,79.88,79.84,79.87,107
20210923  10:04:50,79.89,79.89,79.84,79.87,47
20210923  10:04:55,79.84,79.88,79.79,79.79,84
20210923  10:05:00,79.82,79.84,79.82,79.83,25
20210923  10:05:05,79.81,79.83,79.78,79.79,19
20210923  10:05:10,79.75,79.83,79.72,79.82,92
20210923  10:05:15,79.81,79.83,79.8,79.83,13
20210923  10:05:20,79.83,79.83,79.82,79.83,0
20210923  10:05:25,79.83,79.84,79.82,79.83,5
20210923  10:05:30,79.84,79.87,79.82,79.87,71
20210923  10:05:35,79.87,79.92,79.86,79.92,81
20210923  10:05:40,79.91,79.93,79.9,79.93,21
20210923  10:05:45,79.94,79.95,79.92,79.94,77
20210923  10:05:50,79.95,80.03,79.91,79.98,852
20210923  10:05:55,79.97,80.02,79.95,79.97,325
20210923  10:06:00,79.98,80.02,79.95,80.01,349
20210923  10:06:05,80.0,80.1,79.98,80.01,257
20210923  10:06:10,79.97,80.09,79.97,80.08,154
20210923  10:06:15,80.05,80.08,79.91,80.01,167
20210923  10:06:20,79.98,80.01,79.92,79.92,51
20210923  10:06:25,79.92,79.93,79.76,79.82,154
20210923  10:06:30,79.86,79.89,79.85,79.88,121
20210923  10:06:35,79.9,79.99,79.9,79.94,49
20210923  10:06:40,79.98,79.98,79.94,79.97,24
20210923  10:06:45,79.94,79.98,79.92,79.94,36
20210923  10:06:50,79.98,79.99,79.94,79.95,46
20210923  10:06:55,79.93,79.97,79.92,79.94,65
20210923  10:07:00,79.92,79.98,79.92,79.97,72
20210923  10:07:05,79.94,79.96,79.87,79.94,91
20210923  10:07:10,79.92,79.93,79.86,79.92,151
20210923  10:07:15,79.91,79.91,79.85,79.87,17
20210923  10:07:20,79.85,79.85,79.66,79.67,182
20210923  10:07:25,79.67,79.68,79.59,79.62,57
20210923  10:07:30,79.64,79.64,79.59,79.6,79
20210923  10:07:35,79.59,79.64,79.59,79.6,86
20210923  10:07:40,79.6,79.7,79.58,79.66,98
20210923  10:07:45,79.71,79.75,79.67,79.71,21
20210923  10:07:50,79.69,79.74,79.68,79.74,27
20210923  10:07:55,79.75,79.82,79.74,79.82,38
20210923  10:08:00,79.82,79.86,79.8,79.86,47
20210923  10:08:05,79.83,79.89,79.82,79.84,40
20210923  10:08:10,79.86,79.92,79.84,79.87,43
20210923  10:08:15,79.91,79.91,79.87,79.87,4
20210923  10:08:20,79.89,79.89,79.84,79.86,26
20210923  10:08:25,79.84,79.85,79.81,79.83,18
20210923  10:08:30,79.82,79.82,79.76,79.76,31
20210923  10:08:35,79.76,79.8,79.75,79.79,53
20210923  10:08:40,79.76,79.79,79.74,79.79,47
20210923  10:08:45,79.77,79.81,79.77,79.81,3
20210923  10:08:50,79.77,79.78,79.7,79.71,65
20210923  10:08:55,79.71,79.72,79.7,79.72,102
20210923  10:09:00,79.72,79.72,79.65,79.68,95
20210923  10:09:05,79.7,79.7,79.67,79.67,33
20210923  10:09:10,79.66,79.68,79.65,79.66,57
20210923  10:09:15,79.63,79.63,79.57,79.59,108
20210923  10:09:20,79.59,79.59,79.56,79.59,20
20210923  10:09:25,79.59,79.6,79.56,79.59,14
20210923  10:09:30,79.59,79.59,79.57,79.57,14
20210923  10:09:35,79.58,79.59,79.51,79.53,61
20210923  10:09:40,79.53,79.58,79.51,79.58,74
20210923  10:09:45,79.55,79.58,79.47,79.47,323
20210923  10:09:50,79.44,79.44,79.31,79.33,163
20210923  10:09:55,79.34,79.41,79.31,79.41,62
20210923  10:10:00,79.41,79.41,79.37,79.37,71
20210923  10:10:05,79.39,79.41,79.35,79.4,62
20210923  10:10:10,79.38,79.43,79.37,79.41,50
20210923  10:10:15,79.42,79.44,79.41,79.42,21
20210923  10:10:20,79.44,79.44,79.42,79.42,13
20210923  10:10:25,79.43,79.44,79.37,79.41,98
20210923  10:10:30,79.42,79.44,79.41,79.42,15
20210923  10:10:35,79.44,79.46,79.42,79.44,32
20210923  10:10:40,79.47,79.52,79.45,79.51,22
20210923  10:10:45,79.52,79.58,79.51,79.55,41
20210923  10:10:50,79.6,79.69,79.57,79.67,68
20210923  10:10:55,79.69,79.69,79.65,79.66,28
20210923  10:11:00,79.67,79.75,79.66,79.72,103
20210923  10:11:05,79.73,79.77,79.73,79.77,25
20210923  10:11:10,79.76,79.79,79.7,79.7,130
20210923  10:11:15,79.68,79.69,79.6,79.67,51
20210923  10:11:20,79.63,79.66,79.6,79.61,5
20210923  10:11:25,79.63,79.63,79.6,79.61,5
20210923  10:11:30,79.61,79.63,79.58,79.62,24
20210923  10:11:35,79.58,79.63,79.58,79.63,52
20210923  10:11:40,79.61,79.63,79.61,79.63,17
20210923  10:11:45,79.64,79.67,79.64,79.66,19
20210923  10:11:50,79.7,79.74,79.68,79.74,29
20210923  10:11:55,79.77,79.77,79.77,79.77,3
20210923  10:12:00,79.8,79.88,79.8,79.88,10
20210923  10:12:05,79.84,79.88,79.84,79.88,41
20210923  10:12:10,79.89,79.93,79.88,79.89,39
20210923  10:12:15,79.89,79.91,79.87,79.88,35
20210923  10:12:20,79.88,79.88,79.84,79.85,52
20210923  10:12:25,79.84,79.92,79.84,79.92,11
20210923  10:12:30,79.9,79.94,79.83,79.84,36
20210923  10:12:35,79.82,79.86,79.82,79.85,31
20210923  10:12:40,79.87,79.88,79.86,79.88,8
20210923  10:12:45,79.86,79.88,79.85,79.85,39
20210923  10:12:50,79.88,79.93,79.88,79.93,68
20210923  10:12:55,79.92,79.94,79.92,79.93,6
20210923  10:13:00,79.9,79.92,79.88,79.9,96
20210923  10:13:05,79.9,79.94,79.9,79.94,3
20210923  10:13:10,79.94,79.99,79.92,79.99,60
20210923  10:13:15,79.98,80.0,79.85,79.9,501
20210923  10:13:20,79.9,79.9,79.86,79.88,44
20210923  10:13:25,79.9,79.91,79.82,79.83,89
20210923  10:13:30,79.86,79.95,79.86,79.95,21
20210923  10:13:35,79.94,79.95,79.91,79.91,10
20210923  10:13:40,79.91,79.92,79.9,79.92,30
20210923  10:13:45,79.91,79.96,79.91,79.93,16
20210923  10:13:50,79.93,79.95,79.9,79.94,18
20210923  10:13:55,79.89,79.91,79.89,79.89,112
20210923  10:14:00,79.88,79.93,79.85,79.93,19
20210923  10:14:05,79.94,79.98,79.9,79.98,18
20210923  10:14:10,79.98,79.98,79.9,79.94,51
20210923  10:14:15,79.94,80.0,79.94,80.0,29
20210923  10:14:20,79.97,79.98,79.91,79.94,26
20210923  10:14:25,79.92,79.93,79.85,79.85,52
20210923  10:14:30,79.84,79.84,79.75,79.76,73
20210923  10:14:35,79.8,79.83,79.75,79.83,20
20210923  10:14:40,79.78,79.83,79.78,79.81,19
20210923  10:14:45,79.83,79.84,79.83,79.83,11
20210923  10:14:50,79.84,79.87,79.84,79.87,12
20210923  10:14:55,79.87,79.87,79.87,79.87,0
20210923  10:15:00,79.87,79.87,79.86,79.87,4
20210923  10:15:05,79.86,79.92,79.85,79.92,26
20210923  10:15:10,79.93,79.93,79.92,79.92,3
20210923  10:15:15,79.94,79.94,79.91,79.91,5
20210923  10:15:20,79.9,79.91,79.87,79.89,23
20210923  10:15:25,79.9,79.92,79.85,79.87,29
20210923  10:15:30,79.82,79.86,79.76,79.76,42
20210923  10:15:35,79.76,79.86,79.73,79.81,79
20210923  10:15:40,79.83,79.83,79.8,79.8,3
20210923  10:15:45,79.77,79.77,79.77,79.77,3
20210923  10:15:50,79.78,79.82,79.72,79.81,46
20210923  10:15:55,79.79,79.79,79.74,79.75,20
20210923  10:16:00,79.75,79.77,79.72,79.73,19
20210923  10:16:05,79.72,79.72,79.66,79.67,52
20210923  10:16:10,79.68,79.71,79.67,79.71,21
20210923  10:16:15,79.69,79.7,79.68,79.7,12
20210923  10:16:20,79.7,79.73,79.7,79.72,22
20210923  10:16:25,79.72,79.72,79.7,79.7,4
20210923  10:16:30,79.72,79.72,79.71,79.72,25
20210923  10:16:35,79.77,79.77,79.75,79.76,32
20210923  10:16:40,79.69,79.71,79.69,79.7,6
20210923  10:16:45,79.7,79.7,79.7,79.7,10
20210923  10:16:50,79.7,79.71,79.68,79.71,13
20210923  10:16:55,79.7,79.7,79.69,79.7,18
20210923  10:17:00,79.68,79.72,79.67,79.67,18
20210923  10:17:05,79.65,79.69,79.65,79.69,26
20210923  10:17:10,79.69,79.69,79.66,79.66,7
20210923  10:17:15,79.67,79.67,79.6,79.61,14
20210923  10:17:20,79.6,79.62,79.55,79.62,47
20210923  10:17:25,79.61,79.63,79.59,79.63,14
20210923  10:17:30,79.63,79.66,79.63,79.66,12
20210923  10:17:35,79.64,79.66,79.62,79.64,7
20210923  10:17:40,79.65,79.68,79.64,79.66,22
20210923  10:17:45,79.66,79.7,79.66,79.69,39
20210923  10:17:50,79.69,79.7,79.69,79.69,0
20210923  10:17:55,79.69,79.71,79.68,79.68,21
20210923  10:18:00,79.69,79.7,79.69,79.7,3
20210923  10:18:05,79.72,79.72,79.7,79.7,10
20210923  10:18:10,79.67,79.67,79.66,79.67,1
20210923  10:18:15,79.69,79.69,79.69,79.69,2
20210923  10:18:20,79.65,79.65,79.65,79.65,2
20210923  10:18:25,79.64,79.65,79.62,79.62,22
20210923  10:18:30,79.6,79.66,79.6,79.65,13
20210923  10:18:35,79.65,79.7,79.65,79.69,17
20210923  10:18:40,79.68,79.69,79.68,79.68,4
20210923  10:18:45,79.72,79.77,79.71,79.72,65
20210923  10:18:50,79.74,79.74,79.71,79.72,22
20210923  10:18:55,79.72,79.74,79.71,79.73,19
20210923  10:19:00,79.7,79.72,79.67,79.71,26
20210923  10:19:05,79.72,79.72,79.71,79.72,8
20210923  10:19:10,79.72,79.73,79.7,79.71,31
20210923  10:19:15,79.67,79.72,79.67,79.7,17
20210923  10:19:20,79.71,79.73,79.7,79.7,10
20210923  10:19:25,79.67,79.68,79.67,79.68,6
20210923  10:19:30,79.65,79.66,79.56,79.56,102
20210923  10:19:35,79.56,79.6,79.48,79.49,63
20210923  10:19:40,79.47,79.47,79.43,79.44,9
20210923  10:19:45,79.44,79.44,79.35,79.43,148
20210923  10:19:50,79.46,79.46,79.42,79.44,17
20210923  10:19:55,79.44,79.44,79.34,79.34,52
20210923  10:20:00,79.35,79.37,79.33,79.37,43
20210923  10:20:05,79.35,79.37,79.33,79.37,11
20210923  10:20:10,79.35,79.38,79.33,79.38,97
20210923  10:20:15,79.36,79.38,79.36,79.37,9
20210923  10:20:20,79.38,79.38,79.22,79.26,183
20210923  10:20:25,79.23,79.24,79.17,79.18,29
20210923  10:20:30,79.19,79.21,79.15,79.19,118
20210923  10:20:35,79.19,79.28,79.19,79.2,112
20210923  10:20:40,79.16,79.22,79.16,79.2,39
20210923  10:20:45,79.24,79.25,79.21,79.24,13
20210923  10:20:50,79.2,79.2,79.14,79.2,166
20210923  10:20:55,79.18,79.2,79.16,79.17,24
20210923  10:21:00,79.15,79.15,79.12,79.12,13
20210923  10:21:05,79.11,79.18,79.11,79.17,50
20210923  10:21:10,79.16,79.17,79.14,79.16,23
20210923  10:21:15,79.16,79.23,79.16,79.23,38
20210923  10:21:20,79.23,79.24,79.21,79.22,40
20210923  10:21:25,79.18,79.21,79.18,79.19,103
20210923  10:21:30,79.18,79.19,79.14,79.14,42
20210923  10:21:35,79.14,79.23,79.14,79.23,63
20210923  10:21:40,79.2,79.23,79.19,79.19,19
20210923  10:21:45,79.19,79.19,79.19,79.19,1
20210923  10:21:50,79.22,79.24,79.21,79.23,10
20210923  10:21:55,79.23,79.24,79.18,79.18,80
20210923  10:22:00,79.21,79.21,79.17,79.17,40
20210923  10:22:05,79.18,79.26,79.16,79.26,48
20210923  10:22:10,79.24,79.31,79.24,79.29,62
20210923  10:22:15,79.29,79.3,79.25,79.27,21
20210923  10:22:20,79.26,79.26,79.2,79.23,40
20210923  10:22:25,79.22,79.26,79.21,79.22,54
20210923  10:22:30,79.21,79.23,79.21,79.23,2
20210923  10:22:35,79.2,79.2,79.16,79.18,59
20210923  10:22:40,79.17,79.21,79.16,79.18,58
20210923  10:22:45,79.17,79.18,79.06,79.07,72
20210923  10:22:50,79.06,79.06,79.02,79.04,117
20210923  10:22:55,79.04,79.12,79.04,79.09,110
20210923  10:23:00,79.09,79.09,79.08,79.09,9
20210923  10:23:05,79.06,79.1,79.05,79.08,20
20210923  10:23:10,79.08,79.08,79.03,79.05,90
20210923  10:23:15,79.03,79.05,78.94,78.94,269
20210923  10:23:20,79.05,79.05,78.94,78.98,115
20210923  10:23:25,78.98,79.02,78.97,79.0,83
20210923  10:23:30,79.02,79.02,78.96,78.97,26
20210923  10:23:35,78.96,79.01,78.96,79.0,91
20210923  10:23:40,79.02,79.06,79.0,79.05,81
20210923  10:23:45,79.04,79.06,79.03,79.05,22
20210923  10:23:50,79.08,79.13,79.02,79.05,149
20210923  10:23:55,79.02,79.05,79.0,79.05,10
20210923  10:24:00,79.03,79.03,79.02,79.03,4
20210923  10:24:05,79.03,79.1,79.03,79.1,29
20210923  10:24:10,79.07,79.08,79.06,79.08,16
20210923  10:24:15,79.1,79.1,79.08,79.09,5
20210923  10:24:20,79.07,79.09,79.05,79.07,13
20210923  10:24:25,79.09,79.12,79.07,79.08,122
20210923  10:24:30,79.08,79.14,79.08,79.12,25
20210923  10:24:35,79.11,79.15,79.1,79.1,12
20210923  10:24:40,79.13,79.19,79.13,79.19,12
20210923  10:24:45,79.19,79.2,79.1,79.12,164
20210923  10:24:50,79.13,79.13,79.08,79.08,34
20210923  10:24:55,79.1,79.11,79.08,79.08,46
20210923  10:25:00,79.08,79.08,79.03,79.05,35
20210923  10:25:05,79.06,79.06,79.05,79.06,12
20210923  10:25:10,79.04,79.14,79.04,79.14,54
20210923  10:25:15,79.15,79.18,79.14,79.18,27
20210923  10:25:20,79.18,79.18,79.09,79.14,65
20210923  10:25:25,79.14,79.16,79.14,79.16,10
20210923  10:25:30,79.15,79.22,79.15,79.18,66
20210923  10:25:35,79.21,79.22,79.18,79.2,19
20210923  10:25:40,79.21,79.22,79.19,79.2,76
20210923  10:25:45,79.19,79.19,79.12,79.12,20
20210923  10:25:50,79.07,79.09,79.05,79.07,74
20210923  10:25:55,79.07,79.08,79.03,79.05,48
20210923  10:26:00,79.06,79.06,79.02,79.03,11
20210923  10:26:05,79.05,79.12,79.04,79.12,41
20210923  10:26:10,79.11,79.13,79.09,79.09,23
20210923  10:26:15,79.11,79.11,79.08,79.08,24
20210923  10:26:20,79.09,79.09,79.09,79.09,1
20210923  10:26:25,79.09,79.1,79.08,79.1,18
20210923  10:26:30,79.11,79.13,79.1,79.13,26
20210923  10:26:35,79.13,79.13,79.08,79.1,18
20210923  10:26:40,79.09,79.1,78.97,78.98,68
20210923  10:26:45,78.97,78.98,78.92,78.92,65
20210923  10:26:50,78.94,78.99,78.93,78.96,67
20210923  10:26:55,78.98,78.99,78.97,78.98,99
20210923  10:27:00,78.96,78.96,78.91,78.93,28
20210923  10:27:05,78.94,78.96,78.94,78.96,5
20210923  10:27:10,78.94,78.95,78.94,78.94,27
20210923  10:27:15,78.92,78.93,78.85,78.85,97
20210923  10:27:20,78.86,78.91,78.85,78.91,88
20210923  10:27:25,78.92,78.93,78.92,78.93,2
20210923  10:27:30,78.95,78.99,78.95,78.99,13
20210923  10:27:35,78.99,78.99,78.95,78.95,11
20210923  10:27:40,78.97,78.99,78.95,78.98,24
20210923  10:27:45,78.97,78.97,78.89,78.9,13
20210923  10:27:50,78.89,78.89,78.85,78.89,60
20210923  10:27:55,78.87,78.87,78.66,78.72,215
20210923  10:28:00,78.72,78.8,78.7,78.8,124
20210923  10:28:05,78.78,78.79,78.77,78.78,12
20210923  10:28:10,78.8,78.81,78.8,78.81,7
20210923  10:28:15,78.82,78.86,78.82,78.84,15
20210923  10:28:20,78.86,78.86,78.83,78.84,46
20210923  10:28:25,78.85,78.86,78.8,78.8,152
20210923  10:28:30,78.78,78.83,78.78,78.79,52
20210923  10:28:35,78.79,78.82,78.77,78.81,16
20210923  10:28:40,78.79,78.84,78.78,78.82,89
20210923  10:28:45,78.82,78.82,78.77,78.79,75
20210923  10:28:50,78.78,78.79,78.74,78.74,33
20210923  10:28:55,78.73,78.73,78.71,78.71,7
20210923  10:29:00,78.73,78.74,78.71,78.72,81
20210923  10:29:05,78.72,78.8,78.71,78.8,74
20210923  10:29:10,78.78,78.78,78.75,78.75,7
20210923  10:29:15,78.78,78.83,78.77,78.81,43
20210923  10:29:20,78.8,78.84,78.79,78.83,60
20210923  10:29:25,78.83,78.83,78.79,78.81,23
20210923  10:29:30,78.83,78.86,78.82,78.84,43
20210923  10:29:35,78.84,78.89,78.83,78.83,95
20210923  10:29:40,78.84,78.88,78.83,78.86,31
20210923  10:29:45,78.87,78.91,78.85,78.91,26
20210923  10:29:50,78.91,78.91,78.9,78.91,22
20210923  10:29:55,78.91,78.92,78.9,78.91,94
20210923  10:30:00,78.9,78.9,78.88,78.9,58
20210923  10:30:05,78.9,78.9,78.89,78.9,26
20210923  10:30:10,78.87,78.89,78.87,78.89,10
20210923  10:30:15,78.89,78.89,78.88,78.89,1
20210923  10:30:20,78.9,78.96,78.88,78.94,91
20210923  10:30:25,78.94,78.95,78.92,78.94,15
20210923  10:30:30,78.95,78.95,78.88,78.89,24
20210923  10:30:35,78.89,78.9,78.83,78.85,89
20210923  10:30:40,78.9,78.9,78.9,78.9,3
20210923  10:30:45,78.91,78.95,78.88,78.89,31
20210923  10:30:50,78.87,78.89,78.87,78.88,13
20210923  10:30:55,78.89,78.93,78.89,78.93,9
20210923  10:31:00,78.95,78.97,78.95,78.95,26
20210923  10:31:05,78.96,78.99,78.96,78.99,5
20210923  10:31:10,78.95,79.0,78.95,78.99,28
20210923  10:31:15,78.99,78.99,78.99,78.99,1
20210923  10:31:20,78.99,79.0,78.98,79.0,18
20210923  10:31:25,78.98,79.05,78.98,79.04,38
20210923  10:31:30,79.05,79.05,79.04,79.05,5
20210923  10:31:35,79.05,79.14,79.03,79.07,59
20210923  10:31:40,79.09,79.09,79.03,79.06,20
20210923  10:31:45,79.04,79.06,79.02,79.06,13
20210923  10:31:50,79.04,79.04,78.99,78.99,4
20210923  10:31:55,79.0,79.01,78.98,79.01,30
20210923  10:32:00,79.02,79.05,79.02,79.03,40
20210923  10:32:05,79.03,79.05,79.0,79.02,42
20210923  10:32:10,79.01,79.07,79.01,79.07,30
20210923  10:32:15,79.07,79.07,79.03,79.05,33
20210923  10:32:20,79.04,79.05,79.02,79.04,18
20210923  10:32:25,79.04,79.04,79.02,79.04,17
20210923  10:32:30,79.02,79.04,79.02,79.04,6
20210923  10:32:35,79.03,79.03,79.02,79.03,2
20210923  10:32:40,79.04,79.07,79.04,79.05,35
20210923  10:32:45,79.02,79.05,79.02,79.02,8
20210923  10:32:50,79.01,79.01,78.92,78.92,37
20210923  10:32:55,78.94,78.94,78.91,78.92,9
20210923  10:33:00,78.9,78.96,78.9,78.96,45
20210923  10:33:05,78.95,78.96,78.93,78.94,23
20210923  10:33:10,78.94,78.95,78.88,78.88,59
20210923  10:33:15,78.85,78.85,78.82,78.82,25
20210923  10:33:20,78.84,78.9,78.82,78.9,48
20210923  10:33:25,78.89,78.9,78.89,78.9,25
20210923  10:33:30,78.91,78.91,78.86,78.88,26
20210923  10:33:35,78.88,78.93,78.88,78.93,26
20210923  10:33:40,78.93,78.93,78.93,78.93,0
20210923  10:33:45,78.9,78.94,78.9,78.91,23
20210923  10:33:50,78.9,78.91,78.87,78.88,34
20210923  10:33:55,78.86,78.88,78.86,78.88,4
20210923  10:34:00,78.86,78.88,78.85,78.87,20
20210923  10:34:05,78.85,78.86,78.85,78.86,16
20210923  10:34:10,78.85,78.85,78.82,78.82,8
20210923  10:34:15,78.83,78.85,78.82,78.84,32
20210923  10:34:20,78.85,78.85,78.84,78.85,3
20210923  10:34:25,78.82,78.83,78.8,78.83,18
20210923  10:34:30,78.81,78.83,78.81,78.81,25
20210923  10:34:35,78.8,78.81,78.74,78.75,71
20210923  10:34:40,78.76,78.78,78.72,78.72,104
20210923  10:34:45,78.73,78.75,78.73,78.74,23
20210923  10:34:50,78.74,78.74,78.66,78.71,86
20210923  10:34:55,78.7,78.79,78.7,78.79,51
20210923  10:35:00,78.78,78.79,78.77,78.77,3
20210923  10:35:05,78.77,78.77,78.71,78.74,55
20210923  10:35:10,78.75,78.77,78.66,78.66,55
20210923  10:35:15,78.68,78.73,78.66,78.73,34
20210923  10:35:20,78.71,78.76,78.71,78.75,14
20210923  10:35:25,78.75,78.77,78.7,78.72,66
20210923  10:35:30,78.71,78.73,78.69,78.71,22
20210923  10:35:35,78.7,78.76,78.7,78.76,30
20210923  10:35:40,78.78,78.79,78.77,78.77,7
20210923  10:35:45,78.77,78.77,78.75,78.76,52
20210923  10:35:50,78.76,78.77,78.75,78.76,16
20210923  10:35:55,78.77,78.77,78.72,78.76,47
20210923  10:36:00,78.76,78.76,78.71,78.73,21
20210923  10:36:05,78.72,78.76,78.7,78.75,38
20210923  10:36:10,78.76,78.84,78.74,78.82,55
20210923  10:36:15,78.84,78.84,78.75,78.75,21
20210923  10:36:20,78.76,78.78,78.74,78.77,33
20210923  10:36:25,78.76,78.77,78.75,78.76,9
20210923  10:36:30,78.74,78.76,78.74,78.76,30
20210923  10:36:35,78.74,78.74,78.74,78.74,2
20210923  10:36:40,78.75,78.76,78.73,78.73,30
20210923  10:36:45,78.72,78.73,78.69,78.71,17
20210923  10:36:50,78.67,78.68,78.63,78.65,173
20210923  10:36:55,78.62,78.64,78.51,78.58,277
20210923  10:37:00,78.58,78.66,78.56,78.66,66
20210923  10:37:05,78.67,78.74,78.67,78.7,34
20210923  10:37:10,78.68,78.68,78.61,78.62,5
20210923  10:37:15,78.64,78.73,78.62,78.7,51
20210923  10:37:20,78.68,78.68,78.67,78.68,13
20210923  10:37:25,78.66,78.68,78.61,78.68,65
20210923  10:37:30,78.69,78.72,78.69,78.7,6
20210923  10:37:35,78.7,78.72,78.67,78.69,19
20210923  10:37:40,78.67,78.69,78.67,78.69,6
20210923  10:37:45,78.67,78.69,78.67,78.69,3
20210923  10:37:50,78.67,78.71,78.65,78.71,17
20210923  10:37:55,78.7,78.71,78.66,78.68,11
20210923  10:38:00,78.68,78.69,78.65,78.65,17
20210923  10:38:05,78.62,78.64,78.59,78.59,47
20210923  10:38:10,78.63,78.72,78.63,78.72,48
20210923  10:38:15,78.68,78.69,78.67,78.67,14
20210923  10:38:20,78.67,78.69,78.67,78.69,17
20210923  10:38:25,78.67,78.73,78.64,78.72,38
20210923  10:38:30,78.75,78.77,78.74,78.77,18
20210923  10:38:35,78.75,78.78,78.73,78.73,96
20210923  10:38:40,78.73,78.73,78.68,78.71,16
20210923  10:38:45,78.7,78.7,78.68,78.68,4
20210923  10:38:50,78.64,78.64,78.64,78.64,3
20210923  10:38:55,78.66,78.66,78.65,78.66,20
20210923  10:39:00,78.65,78.65,78.63,78.63,25
20210923  10:39:05,78.6,78.63,78.59,78.62,26
20210923  10:39:10,78.6,78.61,78.58,78.59,27
20210923  10:39:15,78.58,78.61,78.57,78.6,23
20210923  10:39:20,78.59,78.6,78.52,78.54,64
20210923  10:39:25,78.56,78.61,78.54,78.61,36
20210923  10:39:30,78.6,78.62,78.6,78.61,8
20210923  10:39:35,78.59,78.61,78.51,78.53,149
20210923  10:39:40,78.51,78.55,78.5,78.55,225
20210923  10:39:45,78.55,78.55,78.44,78.47,364
20210923  10:39:50,78.47,78.48,78.44,78.44,59
20210923  10:39:55,78.45,78.47,78.45,78.45,8
20210923  10:40:00,78.47,78.55,78.47,78.55,29
20210923  10:40:05,78.53,78.54,78.53,78.53,3
20210923  10:40:10,78.57,78.59,78.57,78.59,13
20210923  10:40:15,78.59,78.6,78.57,78.59,14
20210923  10:40:20,78.6,78.64,78.6,78.64,29
20210923  10:40:25,78.62,78.62,78.57,78.57,44
20210923  10:40:30,78.59,78.6,78.57,78.6,23
20210923  10:40:35,78.6,78.61,78.59,78.6,4
20210923  10:40:40,78.59,78.61,78.58,78.61,19
20210923  10:40:45,78.6,78.65,78.6,78.64,15
20210923  10:40:50,78.65,78.65,78.61,78.64,10
20210923  10:40:55,78.65,78.69,78.63,78.69,124
20210923  10:41:00,78.66,78.67,78.63,78.63,61
20210923  10:41:05,78.63,78.63,78.59,78.61,10
20210923  10:41:10,78.6,78.62,78.6,78.62,8
20210923  10:41:15,78.63,78.65,78.63,78.65,22
20210923  10:41:20,78.65,78.67,78.64,78.67,22
20210923  10:41:25,78.67,78.67,78.66,78.66,9
20210923  10:41:30,78.67,78.68,78.67,78.67,13
20210923  10:41:35,78.69,78.71,78.68,78.71,35
20210923  10:41:40,78.73,78.73,78.64,78.64,23
20210923  10:41:45,78.66,78.66,78.66,78.66,16
20210923  10:41:50,78.65,78.68,78.65,78.68,3
20210923  10:41:55,78.67,78.67,78.67,78.67,2
20210923  10:42:00,78.65,78.65,78.65,78.65,1
20210923  10:42:05,78.64,78.64,78.63,78.64,1
20210923  10:42:10,78.65,78.66,78.64,78.65,25
20210923  10:42:15,78.63,78.64,78.62,78.62,5
20210923  10:42:20,78.63,78.63,78.62,78.63,1
20210923  10:42:25,78.61,78.63,78.61,78.61,12
20210923  10:42:30,78.6,78.6,78.56,78.58,84
20210923  10:42:35,78.58,78.58,78.57,78.58,1
20210923  10:42:40,78.56,78.58,78.56,78.56,23
20210923  10:42:45,78.56,78.56,78.56,78.56,0
20210923  10:42:50,78.55,78.55,78.51,78.51,29
20210923  10:42:55,78.53,78.62,78.53,78.61,53
20210923  10:43:00,78.61,78.62,78.61,78.61,5
20210923  10:43:05,78.61,78.75,78.61,78.74,114
20210923  10:43:10,78.74,78.75,78.73,78.74,32
20210923  10:43:15,78.73,78.73,78.69,78.69,11
20210923  10:43:20,78.71,78.75,78.71,78.74,12
20210923  10:43:25,78.76,78.76,78.75,78.75,2
20210923  10:43:30,78.74,78.75,78.74,78.75,25
20210923  10:43:35,78.76,78.79,78.75,78.75,22
20210923  10:43:40,78.74,78.74,78.73,78.74,17
20210923  10:43:45,78.74,78.74,78.71,78.71,15
20210923  10:43:50,78.71,78.72,78.71,78.71,0
20210923  10:43:55,78.7,78.73,78.68,78.73,33
20210923  10:44:00,78.73,78.73,78.71,78.71,10
20210923  10:44:05,78.73,78.73,78.72,78.73,5
20210923  10:44:10,78.74,78.78,78.74,78.78,9
20210923  10:44:15,78.77,78.78,78.77,78.78,15
20210923  10:44:20,78.79,78.8,78.74,78.74,49
20210923  10:44:25,78.74,78.77,78.74,78.77,13
20210923  10:44:30,78.76,78.77,78.75,78.76,22
20210923  10:44:35,78.77,78.78,78.77,78.78,6
20210923  10:44:40,78.82,78.86,78.81,78.86,47
20210923  10:44:45,78.85,78.93,78.84,78.93,49
20210923  10:44:50,78.91,78.92,78.9,78.9,12
20210923  10:44:55,78.93,78.93,78.9,78.9,17
20210923  10:45:00,78.9,78.9,78.84,78.87,63
20210923  10:45:05,78.85,78.88,78.84,78.88,35
20210923  10:45:10,78.87,78.88,78.87,78.87,13
20210923  10:45:15,78.87,78.87,78.76,78.77,28
20210923  10:45:20,78.8,78.82,78.79,78.82,24
20210923  10:45:25,78.83,78.83,78.81,78.81,9
20210923  10:45:30,78.81,78.82,78.8,78.82,26
20210923  10:45:35,78.81,78.81,78.77,78.77,25
20210923  10:45:40,78.77,78.77,78.77,78.77,10
20210923  10:45:45,78.78,78.8,78.77,78.8,31
20210923  10:45:50,78.8,78.81,78.79,78.8,9
20210923  10:45:55,78.82,78.86,78.81,78.86,34
20210923  10:46:00,78.86,78.86,78.86,78.86,0
20210923  10:46:05,78.9,78.9,78.85,78.86,7
20210923  10:46:10,78.88,78.88,78.88,78.88,2
20210923  10:46:15,78.88,78.94,78.88,78.94,12
20210923  10:46:20,78.91,78.91,78.91,78.91,1
20210923  10:46:25,78.94,78.94,78.93,78.94,8
20210923  10:46:30,78.92,78.93,78.92,78.92,31
20210923  10:46:35,78.93,78.94,78.93,78.94,2
20210923  10:46:40,78.96,78.96,78.95,78.96,7
20210923  10:46:45,78.96,78.96,78.94,78.94,18
20210923  10:46:50,78.96,79.01,78.95,78.98,27
20210923  10:46:55,78.97,79.0,78.96,79.0,8
20210923  10:47:00,78.97,78.97,78.95,78.97,19
20210923  10:47:05,78.96,78.98,78.96,78.97,13
20210923  10:47:10,78.96,79.03,78.96,79.03,609
20210923  10:47:15,79.02,79.02,78.96,78.96,26
20210923  10:47:20,78.98,79.01,78.98,79.01,102
20210923  10:47:25,79.02,79.02,78.96,78.99,30
20210923  10:47:30,78.98,78.98,78.97,78.98,1
20210923  10:47:35,78.98,78.98,78.96,78.97,50
20210923  10:47:40,78.98,79.0,78.97,79.0,9
20210923  10:47:45,78.98,78.98,78.98,78.98,1
20210923  10:47:50,79.02,79.02,79.02,79.02,2
20210923  10:47:55,79.01,79.04,79.01,79.04,49
20210923  10:48:00,79.04,79.06,79.02,79.02,30
20210923  10:48:05,79.03,79.05,79.03,79.05,49
20210923  10:48:10,79.07,79.08,79.06,79.06,9
20210923  10:48:15,79.05,79.08,79.04,79.07,20
20210923  10:48:20,79.1,79.1,79.08,79.09,17
20210923  10:48:25,79.08,79.11,79.08,79.09,48
20210923  10:48:30,79.12,79.12,79.05,79.07,43
20210923  10:48:35,79.08,79.13,79.07,79.13,36
20210923  10:48:40,79.14,79.17,79.13,79.14,44
20210923  10:48:45,79.14,79.2,79.14,79.2,36
20210923  10:48:50,79.18,79.2,79.17,79.19,42
20210923  10:48:55,79.2,79.21,79.17,79.2,75
20210923  10:49:00,79.2,79.23,79.15,79.2,126
20210923  10:49:05,79.19,79.2,79.19,79.2,106
20210923  10:49:10,79.19,79.19,79.17,79.17,38
20210923  10:49:15,79.17,79.18,79.16,79.18,134
20210923  10:49:20,79.16,79.17,79.07,79.08,45
20210923  10:49:25,79.06,79.17,79.06,79.17,78
20210923  10:49:30,79.19,79.22,79.17,79.21,85
20210923  10:49:35,79.22,79.23,79.21,79.22,26
20210923  10:49:40,79.22,79.23,79.19,79.23,36
20210923  10:49:45,79.2,79.25,79.2,79.25,47
20210923  10:49:50,79.22,79.3,79.22,79.3,37
20210923  10:49:55,79.31,79.33,79.29,79.33,37
20210923  10:50:00,79.31,79.31,79.23,79.24,54
20210923  10:50:05,79.22,79.22,79.16,79.18,138
20210923  10:50:10,79.17,79.19,79.17,79.18,22
20210923  10:50:15,79.17,79.18,79.16,79.18,41
20210923  10:50:20,79.16,79.16,79.1,79.1,40
20210923  10:50:25,79.08,79.11,79.08,79.09,55
20210923  10:50:30,79.1,79.14,79.1,79.13,78
20210923  10:50:35,79.13,79.17,79.13,79.16,12
20210923  10:50:40,79.15,79.15,79.13,79.13,7
20210923  10:50:45,79.15,79.15,79.12,79.13,11
20210923  10:50:50,79.12,79.14,79.11,79.11,15
20210923  10:50:55,79.11,79.11,79.07,79.08,21
20210923  10:51:00,79.06,79.08,79.02,79.05,63
20210923  10:51:05,79.04,79.1,79.04,79.1,31
20210923  10:51:10,79.08,79.09,79.07,79.07,10
20210923  10:51:15,79.07,79.07,79.06,79.06,5
20210923  10:51:20,79.05,79.06,79.0,79.01,53
20210923  10:51:25,79.0,79.0,79.0,79.0,4
20210923  10:51:30,79.01,79.01,79.0,79.01,7
20210923  10:51:35,79.02,79.02,78.99,79.01,12
20210923  10:51:40,79.01,79.02,78.99,79.02,4
20210923  10:51:45,78.99,79.0,78.98,78.98,28
20210923  10:51:50,78.97,78.97,78.91,78.92,31
20210923  10:51:55,78.95,78.99,78.94,78.99,41
20210923  10:52:00,79.0,79.03,78.97,79.02,35
20210923  10:52:05,79.04,79.04,79.0,79.01,23
20210923  10:52:10,78.99,79.03,78.99,79.01,53
20210923  10:52:15,79.02,79.03,79.02,79.03,9
20210923  10:52:20,79.03,79.05,79.01,79.04,35
20210923  10:52:25,79.04,79.05,79.02,79.03,4
20210923  10:52:30,79.01,79.01,78.92,78.92,32
20210923  10:52:35,78.91,78.95,78.91,78.95,15
20210923  10:52:40,78.93,78.95,78.93,78.94,22
20210923  10:52:45,78.94,78.94,78.92,78.92,14
20210923  10:52:50,78.94,78.96,78.93,78.93,65
20210923  10:52:55,78.96,78.96,78.93,78.94,34
20210923  10:53:00,78.94,78.94,78.92,78.92,26
20210923  10:53:05,78.92,78.93,78.88,78.93,61
20210923  10:53:10,78.93,78.94,78.92,78.94,16
20210923  10:53:15,78.94,79.02,78.94,79.01,52
20210923  10:53:20,79.05,79.05,79.04,79.04,15
20210923  10:53:25,79.04,79.11,79.04,79.1,31
20210923  10:53:30,79.12,79.12,79.07,79.07,16
20210923  10:53:35,79.11,79.21,79.11,79.18,536
20210923  10:53:40,79.15,79.16,79.08,79.08,11
20210923  10:53:45,79.12,79.24,79.12,79.22,141
20210923  10:53:50,79.2,79.23,79.2,79.21,20
20210923  10:53:55,79.25,79.33,79.23,79.23,194
20210923  10:54:00,79.2,79.24,79.17,79.24,42
20210923  10:54:05,79.25,79.26,79.24,79.26,2
20210923  10:54:10,79.28,79.29,79.26,79.27,12
20210923  10:54:15,79.29,79.33,79.27,79.3,43
20210923  10:54:20,79.29,79.31,79.25,79.26,21
20210923  10:54:25,79.24,79.3,79.23,79.3,53
20210923  10:54:30,79.31,79.39,79.31,79.39,140
20210923  10:54:35,79.39,79.48,79.37,79.38,303
20210923  10:54:40,79.37,79.38,79.3,79.38,97
20210923  10:54:45,79.39,79.42,79.37,79.42,29
20210923  10:54:50,79.44,79.49,79.43,79.48,89
20210923  10:54:55,79.47,79.54,79.45,79.54,190
20210923  10:55:00,79.54,79.54,79.47,79.52,94
20210923  10:55:05,79.51,79.51,79.47,79.51,86
20210923  10:55:10,79.52,79.52,79.45,79.47,45
20210923  10:55:15,79.46,79.49,79.42,79.47,45
20210923  10:55:20,79.46,79.47,79.43,79.43,32
20210923  10:55:25,79.44,79.44,79.43,79.43,8
20210923  10:55:30,79.46,79.47,79.46,79.47,9
20210923  10:55:35,79.47,79.49,79.46,79.47,34
20210923  10:55:40,79.46,79.5,79.46,79.48,17
20210923  10:55:45,79.49,79.52,79.49,79.49,29
20210923  10:55:50,79.48,79.53,79.44,79.46,216
20210923  10:55:55,79.48,79.5,79.46,79.46,39
20210923  10:56:00,79.46,79.49,79.45,79.47,58
20210923  10:56:05,79.48,79.49,79.46,79.48,29
20210923  10:56:10,79.49,79.5,79.47,79.49,28
20210923  10:56:15,79.49,79.49,79.49,79.49,1
20210923  10:56:20,79.5,79.58,79.49,79.57,54
20210923  10:56:25,79.53,79.59,79.53,79.57,43
20210923  10:56:30,79.58,79.62,79.57,79.61,48
20210923  10:56:35,79.6,79.6,79.5,79.5,213
20210923  10:56:40,79.52,79.53,79.51,79.52,33
20210923  10:56:45,79.53,79.53,79.48,79.48,16
20210923  10:56:50,79.48,79.49,79.45,79.49,42
20210923  10:56:55,79.49,79.49,79.46,79.46,3
20210923  10:57:00,79.45,79.5,79.42,79.48,66
20210923  10:57:05,79.48,79.51,79.44,79.44,21
20210923  10:57:10,79.45,79.52,79.45,79.47,149
20210923  10:57:15,79.47,79.47,79.47,79.47,2
20210923  10:57:20,79.45,79.5,79.44,79.5,145
20210923  10:57:25,79.48,79.49,79.46,79.48,14
20210923  10:57:30,79.47,79.47,79.42,79.43,14
20210923  10:57:35,79.47,79.48,79.47,79.48,10
20210923  10:57:40,79.46,79.49,79.46,79.48,19
20210923  10:57:45,79.49,79.53,79.49,79.51,45
20210923  10:57:50,79.48,79.5,79.47,79.48,18
20210923  10:57:55,79.49,79.52,79.49,79.51,9
20210923  10:58:00,79.51,79.54,79.51,79.54,5
20210923  10:58:05,79.54,79.58,79.52,79.52,25
20210923  10:58:10,79.52,79.52,79.5,79.5,12
20210923  10:58:15,79.52,79.53,79.49,79.49,12
20210923  10:58:20,79.49,79.49,79.48,79.49,9
20210923  10:58:25,79.5,79.51,79.49,79.51,8
20210923  10:58:30,79.5,79.5,79.43,79.43,71
20210923  10:58:35,79.43,79.47,79.43,79.45,11
20210923  10:58:40,79.46,79.48,79.46,79.47,12
20210923  10:58:45,79.46,79.48,79.46,79.46,24
20210923  10:58:50,79.46,79.48,79.45,79.47,20
20210923  10:58:55,79.48,79.51,79.48,79.5,51
20210923  10:59:00,79.48,79.49,79.47,79.49,12
20210923  10:59:05,79.48,79.49,79.44,79.46,7
20210923  10:59:10,79.45,79.46,79.45,79.45,4
20210923  10:59:15,79.45,79.46,79.45,79.45,0
20210923  10:59:20,79.45,79.46,79.45,79.45,3
20210923  10:59:25,79.44,79.45,79.37,79.39,39
20210923  10:59:30,79.39,79.41,79.39,79.4,42
20210923  10:59:35,79.37,79.38,79.33,79.36,118
20210923  10:59:40,79.37,79.4,79.36,79.4,25
20210923  10:59:45,79.39,79.41,79.39,79.41,5
20210923  10:59:50,79.44,79.45,79.41,79.45,46
20210923  10:59:55,79.42,79.47,79.42,79.45,12
20210923  11:00:00,79.44,79.44,79.44,79.44,1
20210923  11:00:05,79.42,79.43,79.42,79.42,3
20210923  11:00:10,79.44,79.44,79.41,79.42,22
20210923  11:00:15,79.41,79.42,79.41,79.42,20
20210923  11:00:20,79.4,79.41,79.37,79.38,17
20210923  11:00:25,79.38,79.4,79.37,79.4,35
20210923  11:00:30,79.38,79.46,79.38,79.44,53
20210923  11:00:35,79.44,79.46,79.43,79.44,22
20210923  11:00:40,79.43,79.45,79.41,79.44,91
20210923  11:00:45,79.43,79.46,79.43,79.45,21
20210923  11:00:50,79.45,79.45,79.43,79.43,11
20210923  11:00:55,79.44,79.45,79.44,79.44,3
20210923  11:01:00,79.45,79.45,79.45,79.45,2
20210923  11:01:05,79.44,79.44,79.41,79.41,17
20210923  11:01:10,79.4,79.4,79.33,79.34,43
20210923  11:01:15,79.34,79.34,79.32,79.34,24
20210923  11:01:20,79.35,79.37,79.35,79.37,19
20210923  11:01:25,79.36,79.39,79.36,79.39,66
20210923  11:01:30,79.39,79.4,79.39,79.4,10
20210923  11:01:35,79.4,79.42,79.39,79.39,42
20210923  11:01:40,79.39,79.4,79.39,79.4,3
20210923  11:01:45,79.4,79.43,79.39,79.42,55
20210923  11:01:50,79.44,79.44,79.39,79.39,21
20210923  11:01:55,79.39,79.42,79.38,79.42,192
20210923  11:02:00,79.43,79.47,79.43,79.47,11
20210923  11:02:05,79.47,79.47,79.41,79.44,14
20210923  11:02:10,79.43,79.43,79.42,79.42,3
20210923  11:02:15,79.4,79.41,79.39,79.4,4
20210923  11:02:20,79.38,79.39,79.35,79.35,42
20210923  11:02:25,79.37,79.38,79.36,79.36,49
20210923  11:02:30,79.36,79.36,79.36,79.36,2
20210923  11:02:35,79.36,79.38,79.36,79.36,22
20210923  11:02:40,79.36,79.37,79.34,79.37,5
20210923  11:02:45,79.36,79.36,79.31,79.31,8
20210923  11:02:50,79.29,79.31,79.26,79.26,16
20210923  11:02:55,79.26,79.26,79.23,79.26,76
20210923  11:03:00,79.26,79.26,79.15,79.16,141
20210923  11:03:05,79.15,79.15,79.04,79.05,162
20210923  11:03:10,79.03,79.06,78.94,78.97,158
20210923  11:03:15,78.95,78.99,78.95,78.95,4
20210923  11:03:20,78.99,79.02,78.96,78.97,80
20210923  11:03:25,78.95,78.99,78.95,78.98,73
20210923  11:03:30,79.0,79.0,78.96,78.96,30
20210923  11:03:35,78.96,79.03,78.96,79.02,39
20210923  11:03:40,79.03,79.09,79.02,79.07,55
20210923  11:03:45,79.1,79.11,79.09,79.1,11
20210923  11:03:50,79.1,79.11,79.06,79.06,38
20210923  11:03:55,79.06,79.07,79.06,79.06,19
20210923  11:04:00,79.05,79.07,78.97,78.99,22
20210923  11:04:05,79.01,79.02,79.01,79.02,30
20210923  11:04:10,79.03,79.08,79.03,79.08,18
20210923  11:04:15,79.09,79.1,79.09,79.1,3
20210923  11:04:20,79.08,79.08,79.04,79.05,19
20210923  11:04:25,79.04,79.04,79.02,79.04,6
20210923  11:04:30,79.05,79.11,79.04,79.08,28
20210923  11:04:35,79.11,79.11,79.11,79.11,1
20210923  11:04:40,79.11,79.11,79.05,79.07,46
20210923  11:04:45,79.09,79.12,79.08,79.12,33
20210923  11:04:50,79.12,79.14,79.12,79.13,16
20210923  11:04:55,79.13,79.13,79.12,79.13,0
20210923  11:05:00,79.13,79.15,79.07,79.07,45
20210923  11:05:05,79.06,79.06,79.02,79.03,55
20210923  11:05:10,79.05,79.07,79.04,79.07,27
20210923  11:05:15,79.06,79.06,79.05,79.06,5
20210923  11:05:20,79.06,79.06,79.05,79.06,6
20210923  11:05:25,79.06,79.07,79.0,79.01,231
20210923  11:05:30,79.0,79.06,79.0,79.06,82
20210923  11:05:35,79.06,79.06,78.98,79.0,205
20210923  11:05:40,78.99,79.06,78.96,78.96,143
20210923  11:05:45,78.97,79.04,78.97,79.03,12
20210923  11:05:50,79.0,79.0,78.98,78.98,7
20210923  11:05:55,79.0,79.04,78.98,79.04,26
20210923  11:06:00,79.01,79.06,79.01,79.06,59
20210923  11:06:05,79.03,79.05,79.02,79.05,20
20210923  11:06:10,79.03,79.05,79.03,79.05,2
20210923  11:06:15,79.03,79.06,79.02,79.02,207
20210923  11:06:20,79.04,79.04,78.99,79.0,85
20210923  11:06:25,79.0,79.01,78.99,78.99,31
20210923  11:06:30,79.01,79.02,79.0,79.01,94
20210923  11:06:35,79.01,79.02,79.0,79.02,33
20210923  11:06:40,79.01,79.04,79.01,79.02,48
20210923  11:06:45,79.02,79.03,78.98,79.02,71
20210923  11:06:50,79.02,79.02,79.01,79.02,2
20210923  11:06:55,79.02,79.04,79.02,79.02,20
20210923  11:07:00,79.01,79.03,79.0,79.01,13
20210923  11:07:05,79.01,79.01,79.01,79.01,0
20210923  11:07:10,78.98,78.98,78.95,78.97,38
20210923  11:07:15,78.95,78.99,78.94,78.99,31
20210923  11:07:20,79.0,79.02,78.98,79.02,23
20210923  11:07:25,78.99,79.02,78.99,79.02,2
20210923  11:07:30,78.99,78.99,78.98,78.98,8
20210923  11:07:35,78.98,79.04,78.97,79.04,11
20210923  11:07:40,79.01,79.01,78.95,78.95,24
20210923  11:07:45,78.97,78.97,78.94,78.95,12
20210923  11:07:50,78.95,78.99,78.95,78.99,10
20210923  11:07:55,78.99,79.0,78.99,78.99,1
20210923  11:08:00,79.0,79.06,79.0,79.03,75
20210923  11:08:05,79.04,79.05,79.03,79.04,5
20210923  11:08:10,79.01,79.06,79.01,79.05,79
20210923  11:08:15,79.05,79.05,79.04,79.04,4
20210923  11:08:20,79.03,79.15,79.03,79.15,130
20210923  11:08:25,79.12,79.15,79.06,79.07,61
20210923  11:08:30,79.07,79.07,79.07,79.07,7
20210923  11:08:35,79.07,79.07,79.02,79.03,16
20210923  11:08:40,79.03,79.03,79.01,79.01,4
20210923  11:08:45,79.01,79.05,79.01,79.03,98
20210923  11:08:50,79.03,79.04,79.0,79.01,46
20210923  11:08:55,78.97,78.97,78.93,78.95,17
20210923  11:09:00,78.92,78.92,78.87,78.88,72
20210923  11:09:05,78.87,78.87,78.81,78.84,30
20210923  11:09:10,78.83,78.84,78.82,78.84,123
20210923  11:09:15,78.85,78.85,78.81,78.82,102
20210923  11:09:20,78.81,78.83,78.81,78.83,44
20210923  11:09:25,78.81,78.83,78.78,78.8,24
20210923  11:09:30,78.82,78.86,78.82,78.85,37
20210923  11:09:35,78.86,78.86,78.85,78.86,27
20210923  11:09:40,78.85,78.88,78.82,78.87,50
20210923  11:09:45,78.89,78.95,78.89,78.92,16
20210923  11:09:50,78.92,78.92,78.8,78.83,123
20210923  11:09:55,78.82,78.83,78.8,78.81,44
20210923  11:10:00,78.82,78.82,78.77,78.79,18
20210923  11:10:05,78.81,78.81,78.75,78.75,39
20210923  11:10:10,78.77,78.77,78.7,78.7,97
20210923  11:10:15,78.71,78.74,78.71,78.72,36
20210923  11:10:20,78.73,78.73,78.66,78.66,15
20210923  11:10:25,78.7,78.74,78.7,78.73,28
20210923  11:10:30,78.71,78.73,78.7,78.7,25
20210923  11:10:35,78.7,78.72,78.69,78.71,158
20210923  11:10:40,78.71,78.74,78.69,78.74,8
20210923  11:10:45,78.72,78.73,78.7,78.73,35
20210923  11:10:50,78.72,78.73,78.7,78.7,8
20210923  11:10:55,78.72,78.76,78.71,78.76,55
20210923  11:11:00,78.76,78.77,78.75,78.77,34
20210923  11:11:05,78.75,78.76,78.73,78.76,40
20210923  11:11:10,78.81,78.82,78.78,78.81,44
20210923  11:11:15,78.78,78.79,78.78,78.78,1
20210923  11:11:20,78.8,78.8,78.77,78.78,28
20210923  11:11:25,78.79,78.79,78.77,78.79,19
20210923  11:11:30,78.78,78.78,78.71,78.73,89
20210923  11:11:35,78.73,78.77,78.73,78.77,45
20210923  11:11:40,78.78,78.78,78.78,78.78,2
20210923  11:11:45,78.77,78.83,78.77,78.83,20
20210923  11:11:50,78.82,78.82,78.8,78.8,10
20210923  11:11:55,78.78,78.83,78.78,78.83,25
20210923  11:12:00,78.81,78.85,78.81,78.85,12
20210923  11:12:05,78.81,78.84,78.81,78.82,28
20210923  11:12:10,78.84,78.87,78.83,78.87,106
20210923  11:12:15,78.82,78.87,78.81,78.84,50
20210923  11:12:20,78.84,78.84,78.81,78.83,11
20210923  11:12:25,78.82,78.82,78.81,78.81,4
20210923  11:12:30,78.8,78.84,78.79,78.84,68
20210923  11:12:35,78.85,78.87,78.84,78.85,20
20210923  11:12:40,78.87,78.87,78.86,78.86,3
20210923  11:12:45,78.88,78.89,78.88,78.88,6
20210923  11:12:50,78.92,78.95,78.89,78.95,23
20210923  11:12:55,78.95,78.95,78.88,78.88,99
20210923  11:13:00,78.89,78.92,78.88,78.9,21
20210923  11:13:05,78.9,78.91,78.89,78.89,8
20210923  11:13:10,78.9,78.93,78.9,78.92,21
20210923  11:13:15,78.91,78.98,78.91,78.96,21
20210923  11:13:20,78.96,78.99,78.93,78.97,121
20210923  11:13:25,78.96,78.97,78.92,78.93,35
20210923  11:13:30,78.92,78.93,78.92,78.92,2
20210923  11:13:35,78.94,78.95,78.92,78.93,94
20210923  11:13:40,78.91,78.93,78.9,78.92,14
20210923  11:13:45,78.9,78.91,78.88,78.88,36
20210923  11:13:50,78.88,78.91,78.87,78.88,83
20210923  11:13:55,78.87,78.88,78.8,78.81,101
20210923  11:14:00,78.82,78.82,78.8,78.82,18
20210923  11:14:05,78.85,78.86,78.84,78.86,26
20210923  11:14:10,78.86,78.86,78.86,78.86,0
20210923  11:14:15,78.87,78.88,78.87,78.87,1
20210923  11:14:20,78.89,78.89,78.85,78.85,7
20210923  11:14:25,78.83,78.83,78.83,78.83,2
20210923  11:14:30,78.81,78.81,78.78,78.8,11
20210923  11:14:35,78.79,78.8,78.78,78.79,2
20210923  11:14:40,78.79,78.8,78.79,78.79,2
20210923  11:14:45,78.77,78.78,78.73,78.74,36
20210923  11:14:50,78.72,78.72,78.71,78.72,17
20210923  11:14:55,78.72,78.72,78.71,78.72,1
20210923  11:15:00,78.72,78.73,78.7,78.71,45
20210923  11:15:05,78.7,78.7,78.66,78.66,27
20210923  11:15:10,78.68,78.68,78.6,78.67,155
20210923  11:15:15,78.62,78.67,78.6,78.63,37
20210923  11:15:20,78.63,78.71,78.63,78.71,48
20210923  11:15:25,78.72,78.78,78.72,78.78,32
20210923  11:15:30,78.76,78.79,78.76,78.78,27
20210923  11:15:35,78.8,78.81,78.79,78.8,11
20210923  11:15:40,78.81,78.88,78.81,78.83,50
20210923  11:15:45,78.84,78.94,78.84,78.94,31
20210923  11:15:50,78.89,78.97,78.89,78.96,24
20210923  11:15:55,78.94,78.95,78.92,78.95,33
20210923  11:16:00,78.94,78.99,78.92,78.99,41
20210923  11:16:05,79.0,79.0,78.99,79.0,20
20210923  11:16:10,79.01,79.03,79.0,79.0,44
20210923  11:16:15,79.0,79.0,78.92,78.92,51
20210923  11:16:20,78.9,78.9,78.88,78.89,15
20210923  11:16:25,78.86,78.86,78.85,78.85,15
20210923  11:16:30,78.85,78.89,78.85,78.88,33
20210923  11:16:35,78.89,78.94,78.89,78.94,34
20210923  11:16:40,78.94,78.94,78.93,78.94,40
20210923  11:16:45,78.94,78.94,78.93,78.94,0
20210923  11:16:50,78.95,79.0,78.94,79.0,14
20210923  11:16:55,78.98,78.99,78.98,78.98,1
20210923  11:17:00,78.97,78.99,78.92,78.92,7
20210923  11:17:05,78.92,78.95,78.9,78.92,39
20210923  11:17:10,78.92,78.92,78.91,78.92,0
20210923  11:17:15,78.91,78.92,78.91,78.92,8
20210923  11:17:20,78.93,78.96,78.93,78.96,11
20210923  11:17:25,78.96,78.96,78.96,78.96,0
20210923  11:17:30,78.98,78.98,78.95,78.95,14
20210923  11:17:35,78.93,78.94,78.91,78.94,22
20210923  11:17:40,78.92,78.92,78.92,78.92,2
20210923  11:17:45,78.92,78.92,78.92,78.92,0
20210923  11:17:50,78.94,78.94,78.9,78.9,23
20210923  11:17:55,78.92,78.92,78.91,78.92,2
20210923  11:18:00,78.9,78.9,78.9,78.9,2
20210923  11:18:05,78.91,78.92,78.9,78.9,29
20210923  11:18:10,78.91,78.91,78.87,78.88,20
20210923  11:18:15,78.89,78.94,78.89,78.9,31
20210923  11:18:20,78.88,78.89,78.87,78.87,16
20210923  11:18:25,78.87,78.87,78.87,78.87,5
20210923  11:18:30,78.89,78.89,78.87,78.88,7
20210923  11:18:35,78.88,78.88,78.87,78.88,0
20210923  11:18:40,78.86,78.86,78.8,78.8,28
20210923  11:18:45,78.84,78.84,78.83,78.84,3
20210923  11:18:50,78.81,78.81,78.77,78.77,9
20210923  11:18:55,78.76,78.77,78.7,78.75,39
20210923  11:19:00,78.76,78.77,78.74,78.74,6
20210923  11:19:05,78.77,78.78,78.75,78.75,8
20210923  11:19:10,78.77,78.8,78.77,78.77,16
20210923  11:19:15,78.78,78.79,78.78,78.78,1
20210923  11:19:20,78.77,78.77,78.75,78.76,2
20210923  11:19:25,78.78,78.83,78.77,78.83,37
20210923  11:19:30,78.83,78.83,78.83,78.83,0
20210923  11:19:35,78.81,78.83,78.77,78.77,16
20210923  11:19:40,78.75,78.76,78.74,78.76,52
20210923  11:19:45,78.77,78.81,78.77,78.81,23
20210923  11:19:50,78.8,78.81,78.78,78.8,4
20210923  11:19:55,78.81,78.82,78.81,78.82,3
20210923  11:20:00,78.83,78.86,78.82,78.86,4
20210923  11:20:05,78.86,78.87,78.85,78.85,6
20210923  11:20:10,78.85,78.86,78.82,78.82,15
20210923  11:20:15,78.82,78.82,78.82,78.82,0
20210923  11:20:20,78.81,78.81,78.78,78.78,2
20210923  11:20:25,78.78,78.78,78.73,78.74,13
20210923  11:20:30,78.73,78.73,78.66,78.66,20
20210923  11:20:35,78.67,78.67,78.65,78.67,11
20210923  11:20:40,78.65,78.65,78.65,78.65,24
20210923  11:20:45,78.66,78.66,78.64,78.64,32
20210923  11:20:50,78.64,78.68,78.64,78.67,28
20210923  11:20:55,78.64,78.66,78.63,78.66,14
20210923  11:21:00,78.66,78.7,78.64,78.69,38
20210923  11:21:05,78.68,78.68,78.57,78.58,112
20210923  11:21:10,78.59,78.59,78.53,78.54,75
20210923  11:21:15,78.56,78.56,78.52,78.53,32
20210923  11:21:20,78.52,78.55,78.52,78.54,32
20210923  11:21:25,78.53,78.55,78.53,78.53,18
20210923  11:21:30,78.54,78.57,78.52,78.54,118
20210923  11:21:35,78.54,78.55,78.53,78.54,17
20210923  11:21:40,78.54,78.56,78.53,78.53,24
20210923  11:21:45,78.54,78.59,78.52,78.59,99
20210923  11:21:50,78.6,78.6,78.56,78.56,25
20210923  11:21:55,78.57,78.61,78.56,78.6,33
20210923  11:22:00,78.59,78.6,78.57,78.6,23
20210923  11:22:05,78.58,78.59,78.57,78.58,4
20210923  11:22:10,78.59,78.59,78.54,78.55,18
20210923  11:22:15,78.53,78.56,78.51,78.56,51
20210923  11:22:20,78.54,78.55,78.52,78.53,22
20210923  11:22:25,78.53,78.53,78.53,78.53,8
20210923  11:22:30,78.55,78.57,78.55,78.57,14
20210923  11:22:35,78.55,78.56,78.54,78.56,22
20210923  11:22:40,78.56,78.56,78.56,78.56,0
20210923  11:22:45,78.56,78.62,78.56,78.6,38
20210923  11:22:50,78.62,78.63,78.61,78.62,4
20210923  11:22:55,78.61,78.64,78.6,78.64,6
20210923  11:23:00,78.63,78.64,78.63,78.64,8
20210923  11:23:05,78.63,78.63,78.59,78.59,22
20210923  11:23:10,78.61,78.61,78.6,78.61,4
20210923  11:23:15,78.62,78.64,78.61,78.62,24
20210923  11:23:20,78.6,78.61,78.6,78.6,11
20210923  11:23:25,78.61,78.61,78.6,78.6,21
20210923  11:23:30,78.59,78.6,78.59,78.6,9
20210923  11:23:35,78.58,78.61,78.58,78.6,5
20210923  11:23:40,78.6,78.6,78.6,78.6,0
20210923  11:23:45,78.6,78.6,78.56,78.56,8
20210923  11:23:50,78.56,78.57,78.53,78.56,83
20210923  11:23:55,78.54,78.58,78.54,78.56,32
20210923  11:24:00,78.57,78.59,78.55,78.56,10
20210923  11:24:05,78.56,78.56,78.54,78.55,2
20210923  11:24:10,78.56,78.58,78.56,78.58,49
20210923  11:24:15,78.57,78.57,78.55,78.56,5
20210923  11:24:20,78.58,78.59,78.55,78.58,36
20210923  11:24:25,78.58,78.58,78.57,78.58,0
20210923  11:24:30,78.58,78.58,78.57,78.58,0
20210923  11:24:35,78.58,78.59,78.56,78.59,17
20210923  11:24:40,78.59,78.6,78.57,78.57,23
20210923  11:24:45,78.57,78.57,78.49,78.5,94
20210923  11:24:50,78.51,78.57,78.51,78.53,43
20210923  11:24:55,78.56,78.57,78.53,78.53,2
20210923  11:25:00,78.54,78.55,78.52,78.53,11
20210923  11:25:05,78.54,78.58,78.53,78.58,27
20210923  11:25:10,78.58,78.58,78.57,78.58,0
20210923  11:25:15,78.59,78.59,78.58,78.58,8
20210923  11:25:20,78.57,78.58,78.56,78.58,12
20210923  11:25:25,78.59,78.59,78.57,78.58,15
20210923  11:25:30,78.58,78.58,78.57,78.58,8
20210923  11:25:35,78.59,78.59,78.59,78.59,4
20210923  11:25:40,78.6,78.64,78.59,78.59,45
20210923  11:25:45,78.58,78.59,78.58,78.58,1
20210923  11:25:50,78.59,78.59,78.55,78.56,38
20210923  11:25:55,78.51,78.54,78.51,78.53,22
20210923  11:26:00,78.51,78.53,78.44,78.46,195
20210923  11:26:05,78.44,78.53,78.44,78.52,68
20210923  11:26:10,78.5,78.5,78.49,78.5,2
20210923  11:26:15,78.5,78.5,78.49,78.5,0
20210923  11:26:20,78.5,78.51,78.49,78.49,23
20210923  11:26:25,78.5,78.52,78.5,78.51,22
20210923  11:26:30,78.51,78.54,78.5,78.54,23
20210923  11:26:35,78.55,78.57,78.55,78.57,9
20210923  11:26:40,78.59,78.62,78.58,78.58,40
20210923  11:26:45,78.58,78.63,78.55,78.63,36
20210923  11:26:50,78.64,78.67,78.61,78.61,60
20210923  11:26:55,78.58,78.58,78.54,78.57,89
20210923  11:27:00,78.57,78.58,78.56,78.58,37
20210923  11:27:05,78.58,78.58,78.55,78.55,11
20210923  11:27:10,78.56,78.57,78.54,78.56,59
20210923  11:27:15,78.55,78.58,78.55,78.58,29
20210923  11:27:20,78.58,78.59,78.55,78.56,33
20210923  11:27:25,78.56,78.57,78.56,78.57,21
20210923  11:27:30,78.56,78.57,78.56,78.56,9
20210923  11:27:35,78.55,78.59,78.55,78.58,41
20210923  11:27:40,78.57,78.58,78.57,78.58,47
20210923  11:27:45,78.57,78.6,78.57,78.57,42
20210923  11:27:50,78.59,78.59,78.58,78.59,1
20210923  11:27:55,78.59,78.59,78.58,78.59,0
20210923  11:28:00,78.59,78.6,78.59,78.59,2
20210923  11:28:05,78.6,78.6,78.59,78.6,17
20210923  11:28:10,78.61,78.66,78.61,78.65,19
20210923  11:28:15,78.65,78.65,78.64,78.64,7
20210923  11:28:20,78.64,78.65,78.63,78.63,2
20210923  11:28:25,78.64,78.65,78.61,78.63,17
20210923  11:28:30,78.64,78.65,78.63,78.64,18
20210923  11:28:35,78.63,78.65,78.63,78.64,10
20210923  11:28:40,78.64,78.64,78.64,78.64,0
20210923  11:28:45,78.64,78.64,78.62,78.63,21
20210923  11:28:50,78.63,78.63,78.62,78.63,1
20210923  11:28:55,78.62,78.62,78.62,78.62,2
20210923  11:29:00,78.62,78.63,78.62,78.62,7
20210923  11:29:05,78.62,78.65,78.59,78.65,46
20210923  11:29:10,78.64,78.65,78.63,78.65,71
20210923  11:29:15,78.65,78.65,78.65,78.65,4
20210923  11:29:20,78.63,78.66,78.63,78.66,18
20210923  11:29:25,78.67,78.69,78.67,78.69,11
20210923  11:29:30,78.71,78.75,78.71,78.73,35
20210923  11:29:35,78.75,78.75,78.74,78.74,9
20210923  11:29:40,78.73,78.74,78.72,78.73,18
20210923  11:29:45,78.7,78.71,78.68,78.69,5
20210923  11:29:50,78.71,78.72,78.71,78.71,16
20210923  11:29:55,78.7,78.71,78.7,78.71,72
20210923  11:30:00,78.7,78.7,78.67,78.69,28
20210923  11:30:05,78.7,78.71,78.68,78.68,15
20210923  11:30:10,78.71,78.71,78.71,78.71,1
20210923  11:30:15,78.69,78.71,78.69,78.7,7
20210923  11:30:20,78.7,78.7,78.7,78.7,1
20210923  11:30:25,78.68,78.68,78.64,78.64,14
20210923  11:30:30,78.64,78.64,78.64,78.64,0
20210923  11:30:35,78.65,78.67,78.65,78.67,18
20210923  11:30:40,78.68,78.68,78.68,78.68,1
20210923  11:30:45,78.69,78.69,78.69,78.69,4
20210923  11:30:50,78.69,78.69,78.69,78.69,0
20210923  11:30:55,78.7,78.7,78.68,78.69,3
20210923  11:31:00,78.69,78.69,78.68,78.69,0
20210923  11:31:05,78.7,78.71,78.68,78.68,4
20210923  11:31:10,78.69,78.7,78.68,78.7,30
20210923  11:31:15,78.71,78.78,78.71,78.78,129
20210923  11:31:20,78.79,78.83,78.78,78.83,37
20210923  11:31:25,78.83,78.86,78.83,78.85,78
20210923  11:31:30,78.86,78.86,78.84,78.86,16
20210923  11:31:35,78.84,78.86,78.84,78.85,22
20210923  11:31:40,78.84,78.94,78.84,78.89,29
20210923  11:31:45,78.92,78.92,78.9,78.92,13
20210923  11:31:50,78.91,78.91,78.89,78.89,7
20210923  11:31:55,78.92,78.95,78.91,78.95,56
20210923  11:32:00,78.93,78.93,78.91,78.92,43
20210923  11:32:05,78.94,78.94,78.91,78.92,14
20210923  11:32:10,78.9,78.91,78.86,78.88,47
20210923  11:32:15,78.88,78.88,78.87,78.88,7
20210923  11:32:20,78.88,78.89,78.88,78.89,4
20210923  11:32:25,78.89,78.89,78.88,78.89,15
20210923  11:32:30,78.88,78.88,78.85,78.86,60
20210923  11:32:35,78.87,78.88,78.87,78.88,9
20210923  11:32:40,78.86,78.9,78.86,78.89,20
20210923  11:32:45,78.9,78.9,78.89,78.9,1
20210923  11:32:50,78.9,78.9,78.89,78.89,4
20210923  11:32:55,78.89,78.89,78.85,78.87,12
20210923  11:33:00,78.85,78.86,78.84,78.86,14
20210923  11:33:05,78.85,78.85,78.83,78.83,35
20210923  11:33:10,78.81,78.82,78.78,78.79,31
20210923  11:33:15,78.8,78.8,78.77,78.78,51
20210923  11:33:20,78.79,78.82,78.79,78.82,51
20210923  11:33:25,78.83,78.87,78.82,78.87,20
20210923  11:33:30,78.86,78.86,78.86,78.86,1
20210923  11:33:35,78.87,78.89,78.87,78.89,22
20210923  11:33:40,78.89,78.89,78.86,78.89,31
20210923  11:33:45,78.88,78.89,78.87,78.89,11
20210923  11:33:50,78.87,78.89,78.87,78.89,18
20210923  11:33:55,78.88,78.88,78.88,78.88,5
20210923  11:34:00,78.89,78.94,78.89,78.94,46
20210923  11:34:05,78.93,78.99,78.93,78.98,61
20210923  11:34:10,79.0,79.0,78.96,78.98,177
20210923  11:34:15,78.99,79.04,78.99,79.01,84
20210923  11:34:20,79.01,79.04,79.0,79.04,41
20210923  11:34:25,79.06,79.08,79.06,79.08,3
20210923  11:34:30,79.08,79.08,79.04,79.05,58
20210923  11:34:35,79.05,79.05,79.01,79.01,75
20210923  11:34:40,79.03,79.04,78.98,79.03,182
20210923  11:34:45,79.03,79.05,79.02,79.02,44
20210923  11:34:50,79.02,79.04,78.98,79.0,218
20210923  11:34:55,79.0,79.04,79.0,79.02,88
20210923  11:35:00,79.02,79.02,79.0,79.02,143
20210923  11:35:05,79.01,79.02,79.0,79.02,12
20210923  11:35:10,79.02,79.03,79.02,79.03,38
20210923  11:35:15,79.02,79.03,78.99,79.0,51
20210923  11:35:20,79.0,79.07,79.0,79.06,48
20210923  11:35:25,79.06,79.07,79.04,79.05,56
20210923  11:35:30,79.03,79.11,79.03,79.1,60
20210923  11:35:35,79.1,79.12,79.09,79.12,19
20210923  11:35:40,79.1,79.12,79.05,79.08,57
20210923  11:35:45,79.06,79.1,79.04,79.07,206
20210923  11:35:50,79.06,79.07,79.03,79.05,37
20210923  11:35:55,79.05,79.06,79.03,79.04,6
20210923  11:36:00,79.04,79.06,79.03,79.05,2
20210923  11:36:05,79.05,79.06,79.05,79.05,0
20210923  11:36:10,79.03,79.06,79.03,79.03,110
20210923  11:36:15,79.04,79.05,78.98,79.02,63
20210923  11:36:20,79.04,79.04,79.03,79.04,14
20210923  11:36:25,79.04,79.05,79.02,79.04,23
20210923  11:36:30,79.02,79.02,79.01,79.02,11
20210923  11:36:35,79.0,79.01,78.94,78.98,80
20210923  11:36:40,78.99,79.0,78.94,78.94,58
20210923  11:36:45,78.97,78.97,78.94,78.97,6
20210923  11:36:50,78.94,78.95,78.92,78.92,19
20210923  11:36:55,78.92,79.01,78.9,78.97,214
20210923  11:37:00,79.0,79.1,79.0,79.09,66
20210923  11:37:05,79.08,79.08,79.08,79.08,1
20210923  11:37:10,79.09,79.09,79.09,79.09,1
20210923  11:37:15,79.06,79.08,79.02,79.06,78
20210923  11:37:20,79.03,79.06,79.03,79.06,6
20210923  11:37:25,79.03,79.06,79.03,79.04,44
20210923  11:37:30,79.04,79.04,78.97,78.97,141
20210923  11:37:35,78.96,78.96,78.93,78.93,11
20210923  11:37:40,78.92,78.94,78.91,78.94,25
20210923  11:37:45,78.91,78.91,78.88,78.89,22
20210923  11:37:50,78.87,78.87,78.87,78.87,1
20210923  11:37:55,78.88,78.97,78.87,78.96,128
20210923  11:38:00,78.94,78.97,78.94,78.95,22
20210923  11:38:05,78.95,78.96,78.92,78.92,9
20210923  11:38:10,78.92,78.96,78.91,78.96,56
20210923  11:38:15,78.93,78.93,78.9,78.91,11
20210923  11:38:20,78.93,78.96,78.91,78.96,14
20210923  11:38:25,78.96,78.96,78.96,78.96,0
20210923  11:38:30,78.95,79.05,78.95,79.05,29
20210923  11:38:35,78.98,79.0,78.96,78.96,10
20210923  11:38:40,78.97,78.98,78.96,78.98,3
20210923  11:38:45,78.99,79.01,78.99,79.01,9
20210923  11:38:50,79.01,79.01,79.01,79.01,0
20210923  11:38:55,78.99,79.02,78.99,78.99,7
20210923  11:39:00,79.0,79.02,78.99,79.01,25
20210923  11:39:05,79.01,79.01,79.0,79.01,1
20210923  11:39:10,79.0,79.0,78.99,79.0,11
20210923  11:39:15,78.98,78.98,78.94,78.96,8
20210923  11:39:20,78.92,78.92,78.92,78.92,1
20210923  11:39:25,78.91,78.91,78.84,78.85,91
20210923  11:39:30,78.84,78.85,78.76,78.81,30
20210923  11:39:35,78.79,78.81,78.79,78.8,77
20210923  11:39:40,78.81,78.85,78.79,78.85,20
20210923  11:39:45,78.86,78.86,78.85,78.86,1
20210923  11:39:50,78.83,78.86,78.83,78.84,17
20210923  11:39:55,78.84,78.84,78.83,78.84,4
20210923  11:40:00,78.81,78.85,78.81,78.85,18
20210923  11:40:05,78.84,78.9,78.83,78.89,40
20210923  11:40:10,78.89,78.9,78.88,78.9,30
20210923  11:40:15,78.91,78.93,78.91,78.92,9
20210923  11:40:20,78.95,78.95,78.93,78.95,15
20210923  11:40:25,78.93,78.94,78.92,78.92,41
20210923  11:40:30,78.94,78.94,78.89,78.9,22
20210923  11:40:35,78.87,78.89,78.87,78.88,18
20210923  11:40:40,78.86,78.87,78.84,78.86,48
20210923  11:40:45,78.82,78.82,78.78,78.78,10
20210923  11:40:50,78.8,78.8,78.77,78.77,18
20210923  11:40:55,78.76,78.76,78.72,78.73,26
20210923  11:41:00,78.72,78.82,78.71,78.81,128
20210923  11:41:05,78.81,78.82,78.8,78.81,4
20210923  11:41:10,78.79,78.83,78.79,78.83,17
20210923  11:41:15,78.79,78.79,78.77,78.79,9
20210923  11:41:20,78.81,78.83,78.8,78.8,15
20210923  11:41:25,78.82,78.82,78.78,78.82,27
20210923  11:41:30,78.81,78.83,78.8,78.83,48
20210923  11:41:35,78.84,78.84,78.84,78.84,1
20210923  11:41:40,78.83,78.9,78.83,78.88,86
20210923  11:41:45,78.9,78.91,78.87,78.91,52
20210923  11:41:50,78.88,78.92,78.88,78.92,41
20210923  11:41:55,78.9,78.93,78.87,78.9,114
20210923  11:42:00,78.89,78.9,78.87,78.88,10
20210923  11:42:05,78.89,78.89,78.83,78.85,13
20210923  11:42:10,78.85,78.87,78.82,78.87,81
20210923  11:42:15,78.86,78.87,78.85,78.87,16
20210923  11:42:20,78.87,78.87,78.86,78.87,3
20210923  11:42:25,78.86,78.86,78.85,78.86,1
20210923  11:42:30,78.86,78.86,78.82,78.82,5
20210923  11:42:35,78.81,78.82,78.76,78.76,33
20210923  11:42:40,78.76,78.78,78.73,78.76,22
20210923  11:42:45,78.75,78.76,78.71,78.71,52
20210923  11:42:50,78.71,78.76,78.71,78.76,30
20210923  11:42:55,78.75,78.77,78.74,78.77,17
20210923  11:43:00,78.77,78.77,78.77,78.77,0
20210923  11:43:05,78.75,78.75,78.68,78.7,30
20210923  11:43:10,78.71,78.75,78.71,78.75,55
20210923  11:43:15,78.75,78.75,78.74,78.75,2
20210923  11:43:20,78.75,78.8,78.74,78.8,66
20210923  11:43:25,78.78,78.79,78.78,78.79,3
20210923  11:43:30,78.79,78.8,78.77,78.8,14
20210923  11:43:35,78.8,78.85,78.8,78.85,30
20210923  11:43:40,78.83,78.86,78.83,78.86,20
20210923  11:43:45,78.85,78.85,78.84,78.85,3
20210923  11:43:50,78.84,78.85,78.82,78.82,14
20210923  11:43:55,78.82,78.84,78.82,78.84,15
20210923  11:44:00,78.84,78.9,78.84,78.9,16
20210923  11:44:05,78.88,78.88,78.88,78.88,1
20210923  11:44:10,78.89,78.91,78.84,78.85,34
20210923  11:44:15,78.85,78.85,78.85,78.85,1
20210923  11:44:20,78.84,78.85,78.84,78.85,14
20210923  11:44:25,78.86,78.88,78.86,78.88,10
20210923  11:44:30,78.88,78.89,78.88,78.89,31
20210923  11:44:35,78.86,78.88,78.85,78.88,7
20210923  11:44:40,78.88,78.88,78.88,78.88,0
20210923  11:44:45,78.87,78.87,78.86,78.87,5
20210923  11:44:50,78.87,78.87,78.85,78.87,9
20210923  11:44:55,78.85,78.85,78.82,78.82,16
20210923  11:45:00,78.83,78.89,78.82,78.89,48
20210923  11:45:05,78.91,78.94,78.88,78.89,102
20210923  11:45:10,78.9,78.92,78.89,78.9,28
20210923  11:45:15,78.88,78.9,78.88,78.89,17
20210923  11:45:20,78.91,78.92,78.89,78.92,16
20210923  11:45:25,78.91,78.91,78.9,78.91,2
20210923  11:45:30,78.91,78.93,78.9,78.93,11
20210923  11:45:35,78.93,78.93,78.93,78.93,1
20210923  11:45:40,78.93,78.93,78.93,78.93,0
20210923  11:45:45,78.93,78.93,78.92,78.92,4
20210923  11:45:50,78.93,78.93,78.92,78.92,2
20210923  11:45:55,78.93,78.93,78.92,78.93,25
20210923  11:46:00,78.91,78.94,78.91,78.94,30
20210923  11:46:05,78.94,79.02,78.93,78.99,164
20210923  11:46:10,78.98,78.99,78.96,78.98,33
20210923  11:46:15,78.96,78.99,78.96,78.99,11
20210923  11:46:20,78.97,78.97,78.96,78.97,1
20210923  11:46:25,78.97,79.01,78.96,79.01,22
20210923  11:46:30,78.99,79.01,78.98,79.0,7
20210923  11:46:35,79.0,79.01,78.96,78.97,456
20210923  11:46:40,78.97,78.98,78.9,78.91,24
20210923  11:46:45,78.91,78.93,78.91,78.91,4
20210923  11:46:50,78.91,78.91,78.91,78.91,0
20210923  11:46:55,78.92,78.94,78.91,78.91,28
20210923  11:47:00,78.92,78.94,78.91,78.92,12
20210923  11:47:05,78.94,78.94,78.94,78.94,2
20210923  11:47:10,78.97,78.98,78.94,78.94,14
20210923  11:47:15,78.96,78.98,78.96,78.98,4
20210923  11:47:20,78.98,79.0,78.98,78.98,23
20210923  11:47:25,78.98,79.0,78.98,79.0,12
20210923  11:47:30,79.03,79.11,79.02,79.11,45
20210923  11:47:35,79.11,79.17,79.09,79.14,181
20210923  11:47:40,79.15,79.15,79.12,79.12,104
20210923  11:47:45,79.13,79.13,79.08,79.08,44
20210923  11:47:50,79.08,79.08,79.08,79.08,50
20210923  11:47:55,79.05,79.09,79.05,79.09,21
20210923  11:48:00,79.08,79.08,79.07,79.08,8
20210923  11:48:05,79.06,79.06,79.05,79.06,14
20210923  11:48:10,79.02,79.02,79.01,79.02,1
20210923  11:48:15,79.04,79.07,79.03,79.07,54
20210923  11:48:20,79.05,79.05,79.05,79.05,2
20210923  11:48:25,79.05,79.08,79.05,79.08,16
20210923  11:48:30,79.09,79.17,79.08,79.14,66
20210923  11:48:35,79.17,79.17,79.14,79.17,15
20210923  11:48:40,79.16,79.18,79.13,79.15,155
20210923  11:48:45,79.16,79.18,79.12,79.17,216
20210923  11:48:50,79.17,79.17,79.15,79.16,4
20210923  11:48:55,79.15,79.18,79.15,79.18,21
20210923  11:49:00,79.17,79.18,79.16,79.17,9
20210923  11:49:05,79.15,79.17,79.15,79.16,22
20210923  11:49:10,79.15,79.23,79.15,79.22,66
20210923  11:49:15,79.23,79.29,79.23,79.23,183
20210923  11:49:20,79.26,79.26,79.23,79.23,33
20210923  11:49:25,79.23,79.24,79.17,79.24,164
20210923  11:49:30,79.23,79.27,79.23,79.27,27
20210923  11:49:35,79.25,79.3,79.25,79.27,41
20210923  11:49:40,79.28,79.28,79.24,79.25,8
20210923  11:49:45,79.25,79.25,79.24,79.25,12
20210923  11:49:50,79.23,79.24,79.23,79.24,13
20210923  11:49:55,79.24,79.25,79.23,79.23,14
20210923  11:50:00,79.23,79.26,79.23,79.24,45
20210923  11:50:05,79.23,79.23,79.22,79.23,4
20210923  11:50:10,79.23,79.23,79.22,79.23,48
20210923  11:50:15,79.22,79.23,79.2,79.2,13
20210923  11:50:20,79.17,79.18,79.16,79.17,12
20210923  11:50:25,79.16,79.21,79.16,79.21,48
20210923  11:50:30,79.2,79.21,79.19,79.21,9
20210923  11:50:35,79.19,79.19,79.19,79.19,1
20210923  11:50:40,79.19,79.21,79.19,79.21,36
20210923  11:50:45,79.19,79.21,79.19,79.21,28
20210923  11:50:50,79.21,79.22,79.19,79.19,22
20210923  11:50:55,79.19,79.2,79.17,79.19,30
20210923  11:51:00,79.16,79.18,79.16,79.17,31
20210923  11:51:05,79.18,79.19,79.18,79.19,8
20210923  11:51:10,79.19,79.21,79.18,79.2,23
20210923  11:51:15,79.2,79.21,79.2,79.21,5
20210923  11:51:20,79.22,79.22,79.21,79.22,15
20210923  11:51:25,79.21,79.22,79.21,79.21,3
20210923  11:51:30,79.2,79.22,79.2,79.2,15
20210923  11:51:35,79.22,79.22,79.22,79.22,2
20210923  11:51:40,79.25,79.25,79.24,79.25,2
20210923  11:51:45,79.25,79.25,79.24,79.25,1
20210923  11:51:50,79.27,79.3,79.26,79.3,10
20210923  11:51:55,79.27,79.27,79.25,79.26,12
20210923  11:52:00,79.26,79.26,79.25,79.25,3
20210923  11:52:05,79.25,79.25,79.24,79.24,13
20210923  11:52:10,79.24,79.24,79.24,79.24,5
20210923  11:52:15,79.25,79.25,79.24,79.25,5
20210923  11:52:20,79.25,79.28,79.25,79.28,13
20210923  11:52:25,79.27,79.3,79.26,79.28,27
20210923  11:52:30,79.25,79.3,79.25,79.3,9
20210923  11:52:35,79.3,79.3,79.29,79.3,0
20210923  11:52:40,79.3,79.3,79.27,79.27,20
20210923  11:52:45,79.27,79.31,79.27,79.31,10
20210923  11:52:50,79.31,79.32,79.29,79.29,5
20210923  11:52:55,79.28,79.29,79.28,79.28,2
20210923  11:53:00,79.28,79.29,79.28,79.28,0
20210923  11:53:05,79.3,79.32,79.29,79.32,96
20210923  11:53:10,79.31,79.32,79.29,79.31,18
20210923  11:53:15,79.3,79.3,79.29,79.3,2
20210923  11:53:20,79.31,79.32,79.3,79.32,15
20210923  11:53:25,79.31,79.32,79.3,79.3,8
20210923  11:53:30,79.28,79.28,79.27,79.27,5
20210923  11:53:35,79.3,79.31,79.3,79.3,1
20210923  11:53:40,79.31,79.31,79.3,79.31,11
20210923  11:53:45,79.32,79.34,79.3,79.33,42
20210923  11:53:50,79.34,79.35,79.34,79.34,18
20210923  11:53:55,79.35,79.35,79.33,79.34,19
20210923  11:54:00,79.35,79.35,79.33,79.33,40
20210923  11:54:05,79.35,79.36,79.34,79.36,20
20210923  11:54:10,79.34,79.4,79.34,79.4,76
20210923  11:54:15,79.38,79.4,79.35,79.36,37
20210923  11:54:20,79.36,79.36,79.34,79.34,18
20210923  11:54:25,79.34,79.34,79.34,79.34,0
20210923  11:54:30,79.33,79.36,79.32,79.36,31
20210923  11:54:35,79.35,79.35,79.35,79.35,2
20210923  11:54:40,79.35,79.35,79.34,79.35,17
20210923  11:54:45,79.35,79.36,79.34,79.35,16
20210923  11:54:50,79.36,79.36,79.36,79.36,1
20210923  11:54:55,79.37,79.38,79.37,79.38,11
20210923  11:55:00,79.38,79.39,79.38,79.39,2
20210923  11:55:05,79.38,79.38,79.36,79.36,6
20210923  11:55:10,79.36,79.37,79.35,79.37,30
20210923  11:55:15,79.37,79.38,79.37,79.38,7
20210923  11:55:20,79.39,79.39,79.38,79.38,37
20210923  11:55:25,79.38,79.38,79.38,79.38,0
20210923  11:55:30,79.37,79.44,79.37,79.44,70
20210923  11:55:35,79.43,79.43,79.4,79.4,28
20210923  11:55:40,79.39,79.39,79.36,79.38,15
20210923  11:55:45,79.38,79.38,79.38,79.38,6
20210923  11:55:50,79.37,79.37,79.34,79.35,12
20210923  11:55:55,79.37,79.37,79.36,79.37,8
20210923  11:56:00,79.38,79.38,79.38,79.38,3
20210923  11:56:05,79.36,79.36,79.35,79.35,12
20210923  11:56:10,79.36,79.37,79.36,79.37,16
20210923  11:56:15,79.36,79.37,79.36,79.36,4
20210923  11:56:20,79.36,79.36,79.36,79.36,0
20210923  11:56:25,79.37,79.39,79.35,79.39,26
20210923  11:56:30,79.37,79.44,79.37,79.44,91
20210923  11:56:35,79.42,79.42,79.4,79.42,9
20210923  11:56:40,79.4,79.41,79.39,79.4,10
20210923  11:56:45,79.4,79.44,79.4,79.42,25
20210923  11:56:50,79.44,79.48,79.42,79.42,68
20210923  11:56:55,79.42,79.42,79.42,79.42,3
20210923  11:57:00,79.42,79.42,79.4,79.41,7
20210923  11:57:05,79.4,79.41,79.39,79.39,27
20210923  11:57:10,79.41,79.45,79.4,79.45,27
20210923  11:57:15,79.45,79.47,79.45,79.45,4
20210923  11:57:20,79.45,79.46,79.43,79.43,14
20210923  11:57:25,79.43,79.44,79.43,79.44,11
20210923  11:57:30,79.41,79.44,79.41,79.44,6
20210923  11:57:35,79.44,79.44,79.44,79.44,0
20210923  11:57:40,79.44,79.44,79.43,79.44,12
20210923  11:57:45,79.45,79.45,79.41,79.43,21
20210923  11:57:50,79.42,79.47,79.42,79.46,2120
20210923  11:57:55,79.46,79.47,79.46,79.47,9
20210923  11:58:00,79.46,79.47,79.44,79.47,42
20210923  11:58:05,79.45,79.47,79.44,79.45,19
20210923  11:58:10,79.45,79.46,79.43,79.45,22
20210923  11:58:15,79.44,79.47,79.44,79.47,18
20210923  11:58:20,79.46,79.47,79.46,79.47,3
20210923  11:58:25,79.47,79.48,79.47,79.48,5
20210923  11:58:30,79.48,79.5,79.45,79.45,55
20210923  11:58:35,79.45,79.45,79.45,79.45,8
20210923  11:58:40,79.46,79.46,79.42,79.45,35
20210923  11:58:45,79.43,79.44,79.4,79.4,51
20210923  11:58:50,79.38,79.39,79.36,79.36,56
20210923  11:58:55,79.35,79.37,79.32,79.32,64
20210923  11:59:00,79.35,79.37,79.32,79.36,92
20210923  11:59:05,79.37,79.39,79.36,79.38,23
20210923  11:59:10,79.38,79.38,79.37,79.37,7
20210923  11:59:15,79.36,79.37,79.35,79.35,23
20210923  11:59:20,79.32,79.33,79.26,79.26,50
20210923  11:59:25,79.28,79.29,79.26,79.29,5
20210923  11:59:30,79.29,79.3,79.27,79.28,18
20210923  11:59:35,79.28,79.28,79.28,79.28,0
20210923  11:59:40,79.26,79.28,79.24,79.28,34
20210923  11:59:45,79.28,79.29,79.27,79.29,27
20210923  11:59:50,79.29,79.29,79.28,79.29,2
20210923  11:59:55,79.27,79.27,79.22,79.24,49
